Notes,MRI,Health Insurance facility code,Contracted with VSS? (1=yes; 2=no),Official decision to set up facility,Technical class ,Facility level (Trung ương=central; tỉnh=provincial; huyện=district),Facility name-VN,Name_English,Facility type-VN,Type_name,hospital or other type of facility Hospital=1,1=general; 2=specialist,Chuyên khoa (specialty),Ngành (sector if not under MOH),Tên doanh nghiệp (company name if private hospital),"Tuyenkythuat_Facility_level 
(1: National; 2: Provincial; 3: District; 4: Commune,5: sectoral (if not clear under Bộ or Sở), 6: regional polyclinic,7:Training establishment hospital)",Sectoral (1:health sector; 2:other sector;3:private sector),Public_private (1:public; 2: private; 3: enterprise),"main_secondary_location (1: main facility; 2: secondary facility=co so 2, 3...)",Province_GSO_id,pro_name_v,pro_name_e,District_GSO_id,dis_name_v,dis_name_e,Island district,com_name_v,com_name_e,address,longitude,latitude,phone,fax,hyperlink,email,Date_updated,collector,subtype,level,economic_t,level_id,date_colle,HI_ID,OWNER,NAME,RANGE,HOS_LEVEL,TYPE,Name_HI,District_H,Range_HI,HOS_Level_,Address_HI,NOTE,F_VG,OBJECTID_1
,1,79024,1,01/2018/QĐ-UBND,1,tỉnh,Bệnh viện Nhân Dân 115,115 People's Hospital,bệnh viện đa khoa tỉnh,provincial general hospital,1,1,,,,2,1,1,1,79,Thành phố Hồ Chí Minh,Ho Chi Minh City,771,Quận 10,District 10,,Phường 12,Ward 12,"527 Sư Vạn Hạnh, Sư Vạn Hạnh, Phường 12, Quận 10, Hồ Chí Minh",106.667427,10.774916,(028) 3865 4249,(028) 3865 5193,http://benhvien115.com.vn/,,,vietgis,ST22,L2,E1,2,30.12.2015,79024,TP HỒ CHÍ MINH,BỆNH VIỆN NHÂN DÂN 115,Tinh/Thanh pho,Hạng I,Benh vien đa khoa,Benh vien Nhân Dân 115,12,2,1,"527 Sư Vạn Hạnh, Phường 12, Quận 10, Thanh pho Hồ Chí Minh",BV,0,1050
,,79431,1,,1,,Bệnh viện Đại Học Y Dược TPHCM - CS1,University Medical Center HCMC-Branch 1,bệnh viện đại học/học viện/cao đẳng,University/academy/college hospital,1,1,,,,7,1,1,1,79,Thành phố Hồ Chí Minh,Ho Chi Minh City,774,Quận 5,District 5,,Phường 11,Ward 11,"215 Hong Bàng,Hong Bàng, Phường 11, Quận 5, Hồ Chí Minh",106.664334,10.755537,(028) 3855 4269,(028) 3950 6126,http://www.bvdaihoc.com.vn/,bvdh@hcm.vnn.vn,,vietgis,ST32,L2,E1,2,30.12.2015,79431,CỤC QL KHÁM CHỮA BỆNH,TRƯỜNG ĐẠI HỌC Y DƯỢC TP HỒ CHÍ MINH,,,,Benh vien đại học Y Duoc TP HCM,15,2,1,"215 Hong Bàng, Phường 11, Quận 5, Thanh pho Hồ Chí Minh",BV,0,1029
,1,79030,1,01/2018/QĐ-UBND,1,tỉnh,Bệnh viện Nhân Dân Gia Định,Nhan Dan Gia Dinh Hospital,bệnh viện đa khoa tỉnh,provincial general hospital,1,1,,,,2,1,1,1,79,Thành phố Hồ Chí Minh,Ho Chi Minh City,765,Quận Bình Thạnh,Binh Thanh District,,Phường 7,Ward 7,"1 Nơ Trang Long, Nơ Trang Long, Phường 7, Quận Binh Thạnh, Hồ Chí Minh",106.694035,10.804018,(028) 3841 2692,(028) 3841 2700,http://www.bvndgiadinh.org.vn/,,,vietgis,ST22,L2,E1,2,30.12.2015,79030,TP HỒ CHÍ MINH,NHÂN DÂN GIA ĐỊNH,Tinh/Thanh pho,Hạng I,Benh vien đa khoa,Benh vien Nhân Dân Gia Định,13,2,1,"01 Nơ Trang Long Phường 14, Quận Binh Thạnh, Thanh pho Hồ Chí Minh",BV,0,1310
,1,79013,1,01/2018/QĐ-UBND,1,tỉnh,Bệnh viện Nguyễn Trí Phương,Nguyen Tri Phuong Hospital,bệnh viện đa khoa tỉnh,provincial general hospital,1,1,,,,2,1,1,1,79,Thành phố Hồ Chí Minh,Ho Chi Minh City,774,Quận 5,District 5,,Phường 8,Ward 8,"468 Nguyen Trãi, Nguyen Trãi, Phường 8, Quận 5, Hồ Chí Minh",106.670010,10.754785,(028) 3923 4332,(028) 3988 3984,http://www.bvnguyentriphuong.org/bvntp/,bv.ntphuong@tphcm.gov.vn,,vietgis,ST22,L2,E1,2,30.12.2015,79013,TP HỒ CHÍ MINH,NGUYỄN TRI PHƯƠNG,Tinh/Thanh pho,Hạng I,Benh vien đa khoa,Benh vien Nguyen Tri Phuong,15,2,1,"468 Nguyen Trãi, Phường 8, Quận 5, Thanh pho Hồ Chí Minh",BV,0,1027
,1,79037,1,1431/QD-UBND (2017),1,huyện,Bệnh viện Quận Thủ Đức,Thu Duc District Hospital,bệnh viện đa khoa huyện,district general hospital,1,1,,,,3,1,1,1,79,Thành phố Hồ Chí Minh,Ho Chi Minh City,762,Quận Thủ Đức,Thu Duc District,,Phường Tam Phú,Tam Phu Ward,"29 Phú Châu, Tam Phú, Thủ Đức, Hồ Chí Minh, Việt Nam",106.745461,10.864643,0966331010 ,(028) 3729 3328 ,https://benhvienthuduc.vn/,bv.thuduc@tphcm.gov.vn,,,,,,,,,,,,,,,,,,,,,
,,79012,1,01/2018/QĐ-UBND,2,tỉnh,Bệnh viện An Bình,An Binh Hospital,bệnh viện đa khoa tỉnh,provincial general hospital,1,1,,,,2,1,1,1,79,Thành phố Hồ Chí Minh,Ho Chi Minh City,774,Quận 5,District 5,,Phường 7,Ward 7,"146 Trần Phu,Nguyen Trãi, Phường 7, Quận 5, Hồ Chí Minh",106.671493,10.754501,(028) 5405 2844,(028) 5405 3377,http://www.benhvienanbinh.vn/,,,vietgis,ST32,L2,E1,2,30.12.2015,79012,TP HỒ CHÍ MINH,BỆNH VIỆN AN BÌNH,Tinh/Thanh pho,Hạng II,Benh vien đa khoa,Benh vien An Binh,15,2,2,"146 An Binh, Phường 7, Quận 5, Thanh pho Hồ Chí Minh",BV,0,1026
,1,79025,1,246/QD-TTg-2014,1,trung ương,Bệnh viện Thống Nhất,Thong Nhat Hospital,bệnh viện đa khoa trung ương,Central general hospital,1,1,,,,1,1,1,1,79,Thành phố Hồ Chí Minh,Ho Chi Minh City,766,Quận Tân Bình,Tan Binh District,,Phường 7,Ward 7,"Số 1, Lý Thường Kiệt, Phường 7, Quận Tân Binh, Tp.HCM",106.652870,10.791552,(028) 3869 0277,(028) 3865 6715,http://www.thongnhathospital.org.vn/,thongnhathospi@vnn.vn,,vietgis,ST12,L1,E1,1,30.12.2015,79025,,,,,,,0,0,0,,,0,1297
,1,79075,1,509/QD-UBND (2019),2,huyện,Bệnh viện Quận 2,District 2 General Hospital,bệnh viện đa khoa huyện,district general hospital,1,1,,,,3,1,1,1,79,Thành phố Hồ Chí Minh,Ho Chi Minh City,769,Quận 2,District 2,,Phường Bình Trưng Tây,Binh Trung Tay Ward,"Le Văn Thịnh, Le Văn Thịnh, Phường Binh Trưng Tây, Quận 2, Hồ Chí Minh",106.768496,10.782319,(028) 5432 7888,,http://benhvienquan2.vn/, benhvien.q2@tphcm.gov.vn,,vietgis,ST32,L3,E1,3,30.12.2015,79075,TP HỒ CHÍ MINH,BỆNH VIỆN QUẬN 2,Quan/Huyen,Hạng II,Benh vien đa khoa,Benh vien Quận 2,10,3,2,"130 Le Văn Thịnh, Phường Binh Trưng Tây, Quận 2, Thanh pho Hồ Chí Minh",BV,0,1057
,1,79071,1,,chưa,tỉnh,Bệnh viện Hoàn Mỹ Sài Gòn (CS 1) [Tập đoàn Y khoa Hoàn Mỹ đã gia nhập tập đoàn quốc tế Fortis và Tập đoàn Clermont],Hoan My Saigon Hospital (CS1) Hoan My Group,bệnh viện đa khoa tư nhân,Private general hospital,1,1,,,Tập đoàn Y khoa Hoàn Mỹ,,3,2,1,79,Thành phố Hồ Chí Minh,Ho Chi Minh City,768,Quận Phú Nhuận,Phu Nhuan District,,Phường 1,Ward 1,"60-60A Phan Xích Long, Phường 1, Quận Phú Nhuận, Tp.HCM (formerly at 124 Trần Quốc Thảo, Quận 3 before 2011)",106.684172,10.800064,(028) 3990 2468,,https://www.hoanmysaigon.com/#slider,,,vietgis,ST32,L3,E1,3,30.12.2015,79071,TP HỒ CHÍ MINH,BỆNH VIỆN HOÀN MỸ 1,Ngoài cong lập,Hạng II,Benh vien đa khoa,Benh vien Hoàn Mỹ Sài Gòn,9,2,2,"60, 60A Phan Xích Long, Phường 1, Q.Phu Nhuận, Thanh pho Hồ Chí Minh",BV,0,1308
,,79054,1,509/QD-UBND (2019),2,huyện,Bệnh viện Quận Tân Phú,Tan Phu District Hospital,bệnh viện đa khoa huyện,district general hospital,1,1,,,,3,1,1,1,79,Thành phố Hồ Chí Minh,Ho Chi Minh City,767,Quận Tân Phú,Tan Phu District,,Phường Phú Trung,Phu Trung Ward,"609, 611 Âu Cơ, P.Phú Trung, Quận Tân Phú, Thành phố Hồ Chí Minh",106.641991,10.783563,(028) 3865 7948 ,(028) 5406 7581,http://benhvientanphu.vn/, bv.tanphu@tphcm.gov.vn,,vietgis,ST32,L3,E1,3,30.12.2015,79054,TP HỒ CHÍ MINH,BỆNH VIỆN QUẬN TÂN PHÚ,Quan/Huyen,Hạng II,Benh vien đa khoa,Benh vien Quận Tân Phu,8,2,2,"609, 611 Âu Cơ, P.Phu Trung, Quận Tân Phu, Thanh pho Hồ Chí Minh",BV,0,1058
,,79026,1,01/2018/QĐ-UBND,1,tỉnh,Bệnh viện Trưng Vương (Tiền thân là Bệnh viện Cấp Cứu Trưng Vương),Trung Vuong Hospital (formerly the Trung Vuong Emergency care Hospital),bệnh viện đa khoa tỉnh,provincial general hospital,1,1,,,,2,1,1,1,79,Thành phố Hồ Chí Minh,Ho Chi Minh City,771,Quận 10,District 10,,Phường 14,Ward 14,"266 Lý Thường Kiệt, Lý Thường Kiệt, Phường 14, Quận 10, Hồ Chí Minh",106.658549,10.770113,(028) 3864 2750,,,,,vietgis,ST32,L3,E1,3,30.12.2015,79026,,,,,,,0,0,0,,,0,1266
,1,79441,1,,chưa,tỉnh,Bệnh viện Ngoại Thần kinh Quoc tế,International Neurosurgery Hospital,bệnh viện chuyên khoa tư nhân,private specialized hospital ,1,2,"NGOAI, THANKINH",,,,3,2,1,79,Thành phố Hồ Chí Minh,Ho Chi Minh City,767,Quận Tân Phú,Tan Phu District,,Phường Tân Thới Hòa,Tan Thoi Hoa Ward,"65A Lũy Bán Bích, Lũy Bán Bích, Phường Tân Thới Hoa, Quận Tân Phu, Hồ Chí Minh",106.632188,10.761239,(028) 3961 6977,(028) 3961 6978,http://www.bvngoaithankinhqt.org.vn/,,,vietgis,ST22,L2,E1,2,30.12.2015,,,,,,,,0,0,0,,,0,1253
,1,79034,1,,1,Trung ương,Bệnh viện 175 (Trung ương Quân đội),175 Hospital (Central Army Hospital),bệnh viện đa khoa ngành,Sectoral general hospital ,1,1,,QUOCPHONG,,5,2,1,1,79,Thành phố Hồ Chí Minh,Ho Chi Minh City,764,Quận Gò Vấp,Go Vap District,,Phường 3,Ward 3,"778 Nguyen Kiệm, Nguyen Kiệm, Phường 3, Quận Gò Vấp, Hồ Chí Minh",106.680200,10.819180,096 983 10 10,,http://www.benhvien175.vn/,contact@benhvien175.vn,,vietgis,ST52,L2,E1,2,30.12.2015,79034,CỤC QL KHÁM CHỮA BỆNH,BỆNH VIỆN TRUNG ƯƠNG QUÂN ĐỘI 175,,,,Benh vien 175,16,1,1,"786 Nguyen Kiệm, Phường 3, Quận Gò Vấp, Thanh pho Hồ Chí Minh",BV,0,1315
,1,79505,1,,chưa,tỉnh,Bệnh viện Quốc tế City (Tiên thần là BV QT Thành Đô),City International Hospital (CIH),bệnh viện đa khoa tư nhân,Private general hospital,1,1,,,,,3,2,1,79,Thành phố Hồ Chí Minh,Ho Chi Minh City,777,Quận Bình Tân,Binh Tan District,,Phường Bình Trị Đông,Binh Tri Dong Ward,"Số 3, Đường 17A, P.Bình Trị Đông B, Q. Bình Tân, TP. Hồ Chí Minh",106.609518,10.741662,(028) 6280 3333,,https://cih.com.vn,,,,,,,,,,,,,,,,,,,,,,
,1,79616,1,,chưa,huyện,Bệnh viện Gia An 115 (PPP - BV Nhân Dân 115),Gia An 115 Hospital  (PPP with BV Nhan Dan 115),PPP,PPP,1,1,,,,,,2,1,79,Thành phố Hồ Chí Minh,Ho Chi Minh City,777,Quận Bình Tân,Binh Tan District,,Phường Bình Trị Đông B,Binh Tri Dong B Ward,"Số 05, Đường 17A, Khu phố 11, P. Bình Trị Đông B, Q. Bình Tân, TP. HCM",106.607766,10.740592,(028) 6288 5886,,http://www.giaan115.com/,,,,,,,,,,,,,,,,,,,,,,
,1,79488,1,,3,huyện,Bệnh viện đa khoa Xuyên Á (BVXA) TPHCM,Xuyen A General Hospital (BVXA-HCMC),bệnh viện đa khoa tư nhân,Private general hospital,1,1,,,Công Ty Cổ Phần Đầu Tư Bệnh Viện Xuyên Á,,3,2,1,79,Thành phố Hồ Chí Minh,Ho Chi Minh City,783,Huyện Củ Chi,Cu Chi District,,Xã Tân Phú Trung,Tan Phu Trung,"42, Quốc lộ 22, Ấp Chợ, Xã Tân Phú Trung,Huyện Củ Chi, TP. HCM",106.558002,10.927439,(028) 3796 6115,,http://bvxuyena.com.vn/,,,vietgis,ST32,L3,E1,3,30.12.2015,79488,TP HỒ CHÍ MINH,BV Da KHOA XUYÊN Á,Ngoài cong lập,Chưa phân hạng,Benh vien đa khoa,Benh vien đa khoa XuYen á,20,2,2,"Khu phố 2, Thi tran Củ Chi, Huyen Củ Chi, Thanh pho Hồ Chí Minh",BV,0,1329
,1,79048,1,246/QD-TTG-2014,Đặc biệt,trung ương,Bệnh viện Chợ Rẫy,Cho Ray Hospital,bệnh viện đa khoa trung ương,Central general hospital,1,1,,,,1,1,1,1,79,Thành phố Hồ Chí Minh,Ho Chi Minh City,774,Quận 5,District 5,,Phường 12,Ward 12,"201B Nguyen Chí Thanh, Quận 5, TP.HCM",106.659212,10.756695,(028) 3855 4137,(028) 3855 7267,http://choray.vn/,bvchoray@hcm.vnn.vn,,vietgis,ST12,L1,E1,1,30.12.2015,79048,CỤC QL KHÁM CHỮA BỆNH,BỆNH VIỆN CHỢ RẪY,Bộ Y tế,Hạng đặc biệt,Benh vien đa khoa,Benh vien Chợ Rẫy,5,1,0,"201 B Nguyen Chí Thanh, Phường 12, Quận 5, Thanh pho Hồ Chí Minh",BV,0,1032
,1,79036,1,01/2018/QĐ-UBND,2,huyện,Bệnh viện Đa khoa Khu vực Thủ Đức,Thu Duc Regional General Hospital,bệnh viện đa khoa khu vực,regional general hospital,1,1,,,,6,1,1,1,79,Thành phố Hồ Chí Minh,Ho Chi Minh City,762,Quận Thủ Đức,Thu Duc District,,Phường Linh Trung,Linh Trung Ward,"64 Le Văn Chí, Le Văn Chí, Phường Linh Trung, Quận Thủ Đức, Hồ Chí Minh",106.780870,10.862048,(028) 3722 2522,,http://www.benhvienkhuvucthuduc.vn/,bv.dkkvtd@tphcm.gov.vn,,vietgis,ST32,L3,E1,3,30.12.2015,79036,TP HỒ CHÍ MINH,BỆNH VIỆN ĐK KHU VỰC THỦ ĐỨC,Tinh/Thanh pho,Hạng II,Benh vien đa khoa,Benh vien khu vuc Thủ Đức,3,2,2,"64 Le Văn Chí, KP1, Linh Trung, Quận Thủ Đức, Thanh pho Hồ Chí Minh",BV,0,1320
,,79001,1,01/2018/QĐ-UBND,2,tỉnh,Bệnh viện đa khoa Sài Gòn,Saigon General Hospital,bệnh viện đa khoa tỉnh,provincial general hospital,1,1,,,,2,1,1,1,79,Thành phố Hồ Chí Minh,Ho Chi Minh City,760,Quận 1,District 1,,Phường Bến Thành,Ben Thanh Ward,"125 Le Lợi, Le Lợi, Phường Bến Thành, Quận 1, Hồ Chí Minh",106.699366,10.772217,(028) 3821 6589,,,,,vietgis,ST32,L3,E1,3,30.12.2015,79001,TP HỒ CHÍ MINH,BỆNH VIỆN ĐK SÀI GÒN,Tinh/Thanh pho,Hạng II,Benh vien đa khoa,Benh vien đa khoa Sài Gòn,1,2,2,"125 Le Lợi, Phường Bến Thành , Quận 1, Thanh pho Hồ Chí Minh",BV,0,1046
,,79014,1,01/2018/QĐ-UBND,1,tỉnh,Bệnh viện Nguyễn Trãi,Nguyen Trai Hospital,bệnh viện đa khoa tỉnh,provincial general hospital,1,1,,,,2,1,1,1,79,Thành phố Hồ Chí Minh,Ho Chi Minh City,774,Quận 5,District 5,,Phường 8,Ward 8,"314 Nguyen Trãi, Nguyen Trãi, Phường 8, Quận 5, Hồ Chí Minh",106.674851,10.756461,(028) 3923 5926,,,,,vietgis,ST32,L3,E1,3,30.12.2015,79014,TP HỒ CHÍ MINH,BỆNH VIỆN NGUYỄN TRÃI,Tinh/Thanh pho,Hạng I,Benh vien đa khoa,Benh vien Nguyen Trãi,15,2,1,"314 Nguyen Trãi, Phường 8, Quận 5, Thanh pho Hồ Chí Minh",BV,0,1031
,1,79525,1,,2,tỉnh,Bệnh viện đa khoa quốc tế Vinmec (CS Central Park),Vinmec International General Hospital-Central Park,bệnh viện đa khoa tư nhân,Private general hospital,1,1,,,Vingroup,,3,2,1,79,Thành phố Hồ Chí Minh,Ho Chi Minh City,765,Quận Bình Thạnh,Binh Thanh District,,Phường 22,Ward 22,"208 Nguyễn Hữu Cảnh, Phường 22, Q. Bình Thạnh Hồ Chí Minh",106.720240,10.794776,(028) 3622 1166,,https://www.vinmec.com/vi,,,,,,,,,,,,,,,,,,,,,,
,1,79058,1,,chưa,tỉnh,Bệnh viện Triều An,Trieu An Hospital,bệnh viện đa khoa tư nhân,Private general hospital,1,1,,,,,3,2,1,79,Thành phố Hồ Chí Minh,Ho Chi Minh City,777,Quận Bình Tân,Binh Tan District,,Phường An Lạc,An Lac Ward," 425 Kinh Dương Vương, Phường An Lạc, Quận Bình Tân, Tp.Hồ Chí Minh",106.616865,10.739725,(028) 3750 9999,,http://www.trieuanhospital.vn/vn/,,,vietgis,ST32,L3,E1,3,30.12.2015,79058,TP HỒ CHÍ MINH,BỆNH VIỆN TRIỀU AN,Ngoài cong lập,Chưa phân hạng,Benh vien đa khoa,Benh vien đa khoa Tu nhan Triều An,18,2,2,"425 Kinh D uong V uong, Phường An Lạc, Q. Binh Tân, , Thanh pho Hồ Chí Minh",BV,0,1016
,,79041,1, 5524/QĐ-UBND (2008),2,tỉnh,Bệnh viện đa khoa khu vực Hóc Môn,Hoc Mon Regional General Hospital,bệnh viện đa khoa khu vực,regional general hospital,1,1,,,,2,1,1,1,79,Thành phố Hồ Chí Minh,Ho Chi Minh City,784,Huyện Hóc Môn,Hoc Mon,,Thị trấn Hóc Môn,Hoc Mon Town,"65/2B Bà Triệu, Bà Triệu, Thi tran Hóc Môn, Huyen Hóc Môn, Hồ Chí Minh",106.5933679,10.88260871,967811010,,,,,vietgis,ST32,L3,E1,3,30.12.2015,79041,TP HỒ CHÍ MINH,BỆNH VIỆN ĐK KV HÓC MÔN,Tinh/Thanh pho,Hạng II,Benh vien đa khoa,Benh vien đa khoa khu vuc Hóc Môn,21,2,2,"62/2B Bà Triệu, Huyen Hóc Môn, Thanh pho Hồ Chí Minh",BV,0,1324
by Q2 2019 sap nhap,,79033,1,509/QD-UBND (2019),3,huyện,Trung tâm Y tế Quận Tân Bình (CS1-BV),Tan Binh District Health Center (CS1-Hospital),trung tâm y tế huyện,district health center,1,1,,,,3,1,1,1,79,Thành phố Hồ Chí Minh,Ho Chi Minh City,766,Quận Tân Bình,Tan Binh District,,Phường 7,Ward 7,"605 Hoàng Văn Thụ, Phường 4, Hồ Chí Minh",106.655337,10.794487,(028) 3844 9928,(028) 3948 5348,http://bvtb.org.vn/,,,vietgis,ST32,L3,E1,3,30.12.2015,79033,TP HỒ CHÍ MINH,BỆNH VIỆN ĐK QUẬN TÂN BÌNH,Quan/Huyen,Hạng III,Benh vien đa khoa,Benh vien Quận Tân Binh,7,3,3,"605 Hoang Văn Thụ, Phường 4, Quận Tân Binh, Thanh pho Hồ Chí Minh",BV,0,1062
by Q2 2019 sap nhap,,79051,1,509/QD-UBND (2019),3,huyện,Trung tâm y tế Quận 1 (CS1-BV),District 1 Health Center (CS1-hospital),trung tâm y tế huyện,district health center,1,1,,,,3,1,1,1,79,Thành phố Hồ Chí Minh,Ho Chi Minh City,760,Quận 1,District 1,,Phường Tân Định,Tan Dinh Ward,"338 Hai Bà Trưng, Hai Bà Trưng, Phường Tân Định, Quận 1, Hồ Chí Minh",106.689479,10.789950,(028) 3820 6746,(028) 3820 5141,http://bvq1.vn/,info@bvq1.vn,,vietgis,ST32,L3,E1,3,30.12.2015,79051,TP HỒ CHÍ MINH,BỆNH VIỆN QUẬN 1,Quan/Huyen,Hạng III,Benh vien đa khoa,Benh vien Quận 1 -  Cơ So 1,1,3,3,"338 Hai Bà Trưng, P. Tân Định, Quận 1, Thanh pho Hồ Chí Minh",BV,0,1066
,,79439,1,,chưa,tỉnh,Bệnh viện Tim Tâm Đức,Tam Duc Heart Hospital,bệnh viện chuyên khoa tư nhân,private specialized hospital ,1,2,TIM,,Công ty cổ phần Bệnh viện Tim Tâm Ðức,,3,2,1,79,Thành phố Hồ Chí Minh,Ho Chi Minh City,778,Quận 7,District 7,,Phường Tân Phú,Tan Phu Ward,"4 Nguyễn Lương Bằng, phường Tân Phú, quận 7, TP.Hồ Chí Minh",106.717855,10.733657,(028) 5411 0025,,,,,vietgis,ST32,L3,E1,2,30.12.2015,79439,TP HỒ CHÍ MINH,TIM TÂM ĐỨC - TP.HCM,Ngoài cong lập,Chưa phân hạng,Benh vien chuYen khoa,Benh vien Tim Tâm Đức,19,2,2,"04 Nguyen L uong Bằng, Phường Tân Phu, Quận 7, Thanh pho Hồ Chí Minh",BV,0,1015
,,79016,1,,1,,Bệnh viện 7A - Quân khu 7,Hospital 7A - Quân khu 7,bệnh viện đa khoa ngành,Sectoral general hospital ,1,1,,QUOCPHONG,,5,2,1,1,79,Thành phố Hồ Chí Minh,Ho Chi Minh City,774,Quận 5,District 5,,Phường 8,Ward 8,"466 Nguyen Trãi, Nguyen Trãi, Phường 8, Quận 5, Hồ Chí Minh",106.671018,10.754969,(028) 3923 7801,,,,,vietgis,ST52,L3,E1,2,30.12.2015,79016,,,,,,,0,0,0,,,0,1242
,1,01929,1,246/QD-TTg-2014,Đặc biệt,trung ương,Bệnh viện Bạch Mai (CS1),Bach Mai Hospital,bệnh viện đa khoa trung ương,Central general hospital,1,1,,,,1,1,1,1,1,Hà Nội,Ha Noi,6,Quận Đống Đa,Dong Da District,,Phường Phường Mai,Phuong Mai Ward,"78 Đường Giải Phóng, Phuong Mai, Đống Da, Hà Nội",105.840989,21.002426,(024) 3868 6074,(024) 3869 1607,http://bachmai.gov.vn/,,,vietgis,ST12,L1,E1,1,30.12.2015,1929,CỤC QL KHÁM CHỮA BỆNH,BỆNH VIỆN BẠCH MAI,Bộ Y tế,Hạng đặc biệt,Benh vien đa khoa,Benh vien Bach Mai,0,1,0,"78 Đường Giải Phóng, Đống Da",BV,0,360
,1,01016,1,,1,trung ương,Bệnh viện Quận y 103,103 Military Hospital,bệnh viện đa khoa ngành,Sectoral general hospital ,1,1,,QUOCPHONG,,5,2,1,1,1,Hà Nội,Ha Noi,268,Quận Hà Đông,Ha Dong District,,Phường Phúc La,Phuc La Ward,"261 Phùng Hưng, Ha Dong, Hà Nội",105.790110,20.966875,(024) 3356 6713,(024) 3356 6713,http://www.benhvien103.vn/,,,vietgis,ST12,L1,E1,1,30.12.2015,1016,,,,,,,0,0,0,,,0,586
,1,01003,1,37-2016-QD-UBND,1,tỉnh,Bệnh viện đa khoa Xanh Pôn,Saint Paul Municipal General Hospital,bệnh viện đa khoa tỉnh,provincial general hospital,1,1,,,,2,1,1,1,1,Hà Nội,Ha Noi,1,Quận Ba Đình,Ba Dinh District,,Phường Điện Biên,Dien Bien Ward,"12 Chu Văn An, Phường Điện Biên, Quận Ba Đình, Hà Nội",105.835586,21.031610,967711616,(024) 3823 3066,,,,vietgis,ST22,L2,E1,2,30.12.2015,1003,HÀ NỘI,BỆNH VIỆN ĐK XANH PÔN,Tinh/Thanh pho,Hạng I,Benh vien đa khoa,Benh vien đa khoa Xanh Pôn,0,2,1,"12 Chu Văn An, Ba Đình",BV,0,392
,1,01006,1,37-2016-QD-UBND,2,tỉnh,Bệnh viện Thanh Nhàn Hà Nội (Tiền thân là BV Đa khoa Hai Bà Trưng),Hanoi Thanh Nhan Municipal Hospital (formerly Hai Ba Trung Hospital),bệnh viện đa khoa tỉnh,provincial general hospital,1,1,,,,2,1,1,1,1,Hà Nội,Ha Noi,7,Quận Hai Bà Trưng,Hai Ba Trung District,,Phường Thanh Nhan,Thanh Nhan Ward,"42 Thanh Nhan, Thanh Nhan, Phường Thanh Nhan, Quận Hai Bà Trưng, Hà Nội",105.858862,21.002896,(024) 3971 4373,(024) 3971 5114,,,,vietgis,ST22,L2,E1,2,30.12.2015,1006,HÀ NỘI,BỆNH VIỆN THANH NHÀN,Tinh/Thanh pho,Hạng I,Benh vien đa khoa,Benh vien Thanh Nhan,0,2,1,"42 Thanh Nhan, Hai Bà Trưng",BV,0,362
,1,01014,1,,Hạng đặc biệt,trung ương,Bệnh viện Trung ương Quân đội 108,108 Military Central Hospital,bệnh viện đa khoa ngành,Sectoral general hospital ,1,1,,QUOCPHONG,,5,2,1,1,1,Hà Nội,Ha Noi,7,Quận Hai Bà Trưng,Hai Ba Trung District,,Phường Bach Dang,Bach Dang Ward,"Số 1 Trần Hưng Đạo, Hai Bà Trưng, Hà Nội",105.861225,21.017242,69572400,069 555283,http://benhvien108.vn/,bvtuqd108@benhvien108.vn,,vietgis,ST12,L1,E1,1,30.12.2015,1014,,,,,,,0,0,0,,,0,622
,1,01819,1,,1,trung ương,Bệnh viện Quận y 105,105 Military Hospital,bệnh viện đa khoa ngành,Sectoral general hospital ,1,1,,QUOCPHONG,,5,2,1,1,1,Hà Nội,Ha Noi,269,Thị xã Sơn Tây,Son Tay Town,,Phường Sơn Lộc,Son Loc Ward,"Chùa Thông, Quoc lộ 21, Phường Sơn Lộc, Thị xã Sơn Tây, Hà Nội",105.496405,21.116913,(024) 3250 5046 ,,http://benhvienquany105.vn/,,,vietgis,ST52,L2,E1,2,30.12.2015,1819,,,,,,,0,0,0,,,0,680
,1,01007,1,246/QD-TTg-2014,1,trung ương,Bệnh viện E ,E Hospital ,bệnh viện đa khoa trung ương,Central general hospital,1,1,,,,1,1,1,1,1,Hà Nội,Ha Noi,5,Quận Cầu Giấy,Cau Giay District,,Phường Nghĩa Tân,Nghia Tan Ward,"89 Trần Cung, Nghĩa Tân, Cau Giấy, Hà Nội, Vietnam",105.789755,21.050566,(024) 3754 3650,(024) 3756 1351,http://www.ehospital.vn/,,,vietgis,ST12,L1,E1,1,30.12.2015,1007,CỤC QL KHÁM CHỮA BỆNH,BỆNH VIỆN  E,Bộ Y tế,Hạng I,Benh vien đa khoa,Benh vien E,5,1,1,"Phố Trần Cung, Nghĩa Tân, Cau Giấy",BV,0,407
,1,01934,1,,1,,Bệnh viện Đại học Y Hà Nội,Hanoi Medical University Hospital,bệnh viện đại học/học viện/cao đẳng,University/academy/college hospital,1,1,,,,7,1,1,1,1,Hà Nội,Ha Noi,6,Quận Đống Đa,Dong Da District,,Phường Trung Tự,Trung Tu Ward,"1 Tôn Thất Tùng, Tôn Thất Tùng, Phường Trung Tự, Quận Đống Da, Hà Nội",105.829892,21.002442,(024) 6291 3575,,www.benhviendhyhanoi.com.vn,,,vietgis,ST22,L2,E1,2,30.12.2015,1934,HÀ NỘI,BỆNH VIỆN ĐẠI HỌC Y HÀ NỘI,Bộ Y tế,Hạng I,Benh vien đa khoa,Benh vien Dai hoc y  Ha Noi,0,2,2,"2 Tôn Thất Tùng, Quận Đống Da",BV,0,361
,1,01001,1,246/QD-TTg-2014,1,trung ương,Bệnh viện Hữu Nghị (tại Hà Nội),Friendship Hospital (Central),bệnh viện đa khoa trung ương,Central general hospital,1,1,,,,1,1,1,1,1,Hà Nội,Ha Noi,7,Quận Hai Bà Trưng,Hai Ba Trung District,,Phường Bach Dang,Bach Dang Ward,"Số 1 Trần Khánh Dư, Hai Bà Trưng, Hà Nội",105.861999,21.015108,(024) 3972 2231,(024) 3972 2232,http://huunghihospital.vn/,bvhn@benhvienhuunghi.vn,,vietgis,ST12,L1,E1,1,30.12.2015,1001,,,,,,,0,0,0,,,0,618
,1,01901,1,246/QĐ-TTg/2014,Đặc biệt,,Bệnh viện Hữu nghị Việt Đức (CS1 Hà Nội),Viet Duc (University) Hospital (CS1,bệnh viện chuyên khoa trung ương,Central specialized hospital,1,2,NGOAI,,,1,1,1,1,1,Hà Nội,Ha Noi,2,Quận Hoàn Kiếm,Hoan Kiem District,,Phường Hàng Bông,Hang Bong Ward,"40 Tràng Thi, P. Hàng Bông, Q. Hoàn Kiếm, Hà Nội",105.845353,21.029563,(024) 3825 3531 ,(024) 3824 8308,http://www.vietduchospital.edu.vn/; http://benhvienvietduc.org/,,,vietgis,ST12,L1,E1,1,30.12.2015,1901,CỤC QL KHÁM CHỮA BỆNH,BỆNH VIỆN HỮU NGHỊ VIỆT ĐỨC,Bộ Y tế,Hạng đặc biệt,Benh vien chuYen khoa,Benh vien Hữu nghị Viet Đức,0,1,1,"40 Tràng Thi, Hoàn Kiếm",BV,0,391
,1,01161,1,,1,tỉnh,Bệnh viện đa khoa quốc tế Vinmec (CS Times City),Vinmec International General Hospital-Times City,bệnh viện đa khoa tư nhân,Private general hospital,1,1,,,Vingroup,,3,2,1,1,Hà Nội,Ha Noi,7,Quận Hai Bà Trưng,Hai Ba Trung District,,Phường Vinh Tuy,Vinh Tuy Ward,"458 Minh Khai, Minh Khai, Phường Vinh Tuy, Quận Hai Bà Trưng, Hà Nội",105.866392,20.996306,(024) 3974 3556,,https://www.vinmec.com/vi/,,,vietgis,ST22,L2,E1,5,31.12.2015,,,Benh vien Da khoa Quoc tế Vimec,,,Private Hospital,,0,0,0,,,0,0
,1,01925,1,246/QĐ-TTg/2014,1,,Bệnh viện Lão khoa Trung ương,National Geriatric Hospital,bệnh viện chuyên khoa trung ương,Central specialized hospital,1,2,LAOKHOA,,,1,1,1,1,1,Hà Nội,Ha Noi,6,Quận Đống Đa,Dong Da District,,Phường Phường Mai,Phuong Mai Ward,"Số 1A, Phuong Mai, Đống Da, Hà Nội",105.837655,21.004658,(024) 3576 0750,(024) 3576 0750,http://benhvienlaokhoa.vn/,laokhoatrunguong@gmail.com,,vietgis,ST13,L1,E1,1,30.12.2015,1925,CỤC QL KHÁM CHỮA BỆNH,BỆNH VIỆN LÃO KHOA TRUNG ƯƠNG,Bộ Y tế,Hạng I,Benh vien đa khoa,Benh vien Lão khoa TW,6,1,1,"1a Phuong Mai, Đống Da",BV,0,367
,1,10061,1, 3104/QĐ-UBND (2012); 112/2016/QĐ-UBND,1,tỉnh,Bệnh viện đa khoa tỉnh Lào Cai  (sáp nhập 2 bệnh viện Đa khoa số I và Đa khoa số II của tỉnh),Lao Cai Provincial General Hospital (merged Lao Cai General Hospitals 1 and 2),bệnh viện đa khoa tỉnh,provincial general hospital,1,1,,,,2,1,1,1,10,Lào Cai,Lao Cai,80,Thành phố Lào Cai,Lao Cai City,,Phường Bình Minh,Binh Minh Ward,"Đường Chiềng On ( B8 ) - P.Bình Minh - TP.Lào CaiHàm Nghi, Phường Kim Tân, thành phố Lào Cai, Lào Cai",104.031531,22.437161,969831414,(0214) 3842343,https://bvdklaocai.vn/,,,vietgis,ST22,L2,E1,2,30.12.2015,10061,LÀO CAI,BỆNH VIỆN Da KHOA TỈNH LÀO CAI,Tinh/Thanh pho,Hạng II,Benh vien đa khoa,benh viên đa khoa Tinh Lào cai,1,2,2,"đường Chiềng On, phường Binh Minh, TP.Lào Cai - Tinh Lào Cai",BV,0,817
,1,25001,1,01 /2018/QĐ-UBND,1,tỉnh,Bệnh viện Đa khoa Tỉnh Phú Thọ,Phu Tho Provincial General Hospital,bệnh viện đa khoa tỉnh,provincial general hospital,1,1,,,,2,1,1,1,25,Phú Thọ,Phu Tho,227,Thành phố Viet Trì,Viet Tri City,,Phường Gia Cẩm,Gia Cam Ward,"Châu Phong, Nguyen Tất Thành, Phường Gia Cẩm, thành phố Viet Trì, Phu Tho",105.394125,21.324572,(0210) 6278888,,http://benhviendakhoatinhphutho.vn/,bvdkphutho@yahoo.com.vn,,vietgis,ST22,L2,E1,2,30.12.2015,25001,PHÚ THỌ,BỆNH VIỆN ĐK TỈNH PHÚ THỌ,Tinh/Thanh pho,Hạng I,Benh vien đa khoa,Benh vien đa khoa Tinh Phu Tho,1,2,1,Phường Tân Dân TP Viet Trì - Tinh Phu Tho,BV,0,470
,1,19010,1,246/QD-TTg-2014,1,trung ương,Bệnh viện Da khoa Trung ương Thái Nguyên,Thai Nguyen Central General Hospital,bệnh viện đa khoa trung ương,Central general hospital,1,1,,,,1,1,1,1,19,Thái Nguyên,Thái Nguyên,164,Thành phố Thái Nguyên,Thai Nguyen City,,Phường Phan Đình Phùng,Phan Dinh Phung,"479 Lương Ngọc Quyến, Phan Đình Phùng, tp. Thai NguYen, Thai NguYen",105.829818,21.587863,(0208) 3855125,(0208) 3851348,http://www.bvdktuthainguyen.gov.vn/,bvdktutn@hn.vnn.vn,,vietgis,ST12,L1,E1,1,30.12.2015,19010,CỤC QL KHÁM CHỮA BỆNH,BỆNH VIỆN Da KHOA TRUNG ƯƠNG THÁI NGUYÊN,Bộ Y tế,Hạng I,Benh vien đa khoa,Benh vien đa khoa TW Thai NguYen,1,1,1,TP Thai NguYen - Tinh Thai NguYen,BV,0,516
,1,15101,1,37/2016/QĐ-UBND,1,tỉnh,Bệnh viện đa khoa tỉnh Yên Bái,Yen Bai Provincial General Hospital,bệnh viện đa khoa tỉnh,provincial general hospital,1,1,,,,2,1,1,1,15,Yên Bái,Yen Bai,132,Thành phố Yên Bái,Yen Bai City,,Phường Minh Tân,Minh Tan Ward,"Yen Ninh, Yen Ninh, Phường Minh Tân, thành phố Yen Bái, Yen Bái",104.893305,21.726584,(0216) 3852459,,,,,vietgis,ST22,L2,E1,2,30.12.2015,15101,YÊN BÁI,BỆNH VIỆN ĐK TỈNH YÊN BÁI,Tinh/Thanh pho,Hạng II,Benh vien đa khoa,Benh vien đa khoa Tinh Yen Bái,1,2,2,Phường Minh Tân - TP Yen Bái - Tinh Yen Bái,BV,0,529
,1,24011,1,296/2016/QĐ-UBND,1,tỉnh,Bệnh viện đa khoa tỉnh Bắc Giang,Bac Giang Provincial General Hospital,bệnh viện đa khoa tỉnh,provincial general hospital,1,1,,,,2,1,1,1,24,Bắc Giang,Bac Giang,213,Thành phố Bắc Giang,Bac Giang,,Phường Le Lợi,Le Loi Ward,"Le Lợi, Phường Le Lợi, thành phố Bắc Giang, Bắc Giang",106.197421,21.273738,(0204) 3854259,(0204) 3828490,http://www.bvdktinhbacgiang.vn/,,,vietgis,ST22,L2,E1,2,30.12.2015,24011,BẮC GIANG,BỆNH VIỆN ĐK TỈNH BẮC GIANG,Tinh/Thanh pho,Hạng I,Benh vien đa khoa,Benh vien đa khoa Tinh Bắc Giang,1,2,2,TP Bắc Giang - Tinh Bắc Giang,BV,0,454
,1,26001,1,12/2017/QĐ-UBND,1,tỉnh,Bệnh viện đa khoa tỉnh Vĩnh Phúc,Vinh Phuc Provincial General Hospital,bệnh viện đa khoa tỉnh,provincial general hospital,1,1,,,,2,1,1,1,26,Vĩnh Phúc,Vinh Phuc,243,Thành phố Vĩnh Yên,Vinh Yen City,,Phường Liên Bảo,Lien Bao Ward,"Bà Triệu, Bà Triệu, Phường Liên Bảo, thành phố Vinh Yen, Vinh Phuc",105.600409,21.318516,(0211) 3861206,,http://dakhoavinhphuc.com/,,,vietgis,ST22,L2,E1,2,30.12.2015,26001,VĨNH PHÚC,BỆNH VIỆN ĐK TỈNH VĨNH PHÚC,Tinh/Thanh pho,Hạng I,Benh vien đa khoa,Benh vien đa khoa Tinh Vinh Phuc,1,2,1,Phường Liên Bảo - Tp Vinh Yen - Tinh Vinh Phuc,BV,0,465
,1,26030,1,12/2017/QĐ-UBND,1,tỉnh,Bệnh viện Đa khoa Khu vực Phúc Yên (tỉnh Vĩnh Phúc),Phuc Yen Regional General Hospital ,bệnh viện đa khoa khu vực,regional general hospital,1,1,,,,2,1,1,1,26,Vĩnh Phúc,Vinh Phuc,244,Thành phố Phúc Yên,Phuc Yen City,,Phường Hùng Vương,Hung Vuong Ward,"Phường Hùng Vương, TP. Phúc Yên, Vĩnh Phúc",105.708509,21.232560,(0211) 3869223,,,,,vietgis,ST22,L2,E1,2,30.12.2015,26030,VĨNH PHÚC,BỆNH VIỆN ĐKKV PHÚC YÊN,Tinh/Thanh pho,Hạng I,Benh vien đa khoa,Benh vien đa khoa khu vuc Phuc Yen,2,2,1,Thị xã Phuc Yen-Tinh Vinh Phuc,BV,0,447
,1,31153,1,25/QD-UBND/2018,1,tỉnh,Bệnh viện Hữu Nghị Việt Tiệp (CS1),Viet Tiep Friendship Hospital (CS1),bệnh viện đa khoa tỉnh,provincial general hospital,1,1,,,,2,1,1,1,31,Hải Phòng,Hai Phong,305,Quận Lê Chân,Le Chan District,,Phường Cat Dài,Cat Dai Ward,"1 Nhà Thương, Nhà Thương, Phường Cat Dài, Quận Le Chân, Hải Phong",106.671483,20.852451,(0225) 3700436,,,,,vietgis,ST22,L2,E1,2,30.12.2015,31153,HẢI PHÒNG,BỆNH VIỆN HỮU NGHỊ VIỆT TIỆP,Tinh/Thanh pho,Hạng I,Benh vien đa khoa,Benh vien Hữu nghị Viet Tiệp,3,2,1,1 đường Nhà Th uong - Phường Cat Dài - Quận Le Chân - TP Hải Phong,BV,0,225
,1,22030,1,246/QD-TTg-2014; 1730/QĐ-TTg,1,tỉnh,Bệnh viện Việt Nam Thụy Điển Uông Bí,Uong Bi Vietnam Sweden Hospital,bệnh viện đa khoa tỉnh,provincial general hospital,1,1,,,,1,1,1,1,22,Quảng Ninh,Quang Ninh,196,Thành phố Uông Bí,Uong Bi City,,Phường Thanh Sơn,Thanh Sơn Ward,"Đường Tuệ Tĩnh, P. Thanh Sơn, TP. Uông Bí, Quang  Ninh",106.752259,21.041088,(0203) 3854037,(0203) 3854190,http://www.vsh.org.vn/,bvub.qn@gmail.com,,vietgis,ST12,L1,E1,1,30.12.2015,22030,CỤC QL KHÁM CHỮA BỆNH,BỆNH VIỆN VIỆT NAM - Thuy ĐIỂN UÔNG BÍ,Bộ Y tế,Hạng I,Benh vien đa khoa,Benh vien Viet Nam Thuy Điển - Uông bí,4,1,1,TP. Uông Bí,BV,0,402
,1,22001,1,2856-2016-QD-UBND,1,tỉnh,Bệnh viện đa khoa Tỉnh Quảng Ninh,Quang Ninh Provincial General Hospital,bệnh viện đa khoa tỉnh,provincial general hospital,1,1,,,,2,1,1,1,22,Quảng Ninh,Quang Ninh,193,Thành phố Hạ Long,Ha Long City,,Phường Trần Hưng Đạo,Tran Hung Dao Ward,"Tuệ Tĩnh, Phường Trần Hưng Đạo, thành phố Hạ Long, Quang  Ninh",107.087449,20.953148,(0203) 3825489,(0203) 3625265,http://benhviendktinhquangninh.vn/,bvdkt_syt@quangninh.gov.vn,,vietgis,ST22,L2,E1,2,30.12.2015,22001,QUẢNG NINH,BỆNH VIỆN ĐK TỈNH QUẢNG NINH,Tinh/Thanh pho,Hạng I,Benh vien đa khoa,Benh vien đa khoa Tinh Quang  Ninh,1,2,2,TP. Hạ Long,BV,0,332
,1,34001,1,,1,tỉnh,Bệnh viện đa khoa Tỉnh Thái Bình,Thai Binh Provincial General Hospital,bệnh viện đa khoa tỉnh,provincial general hospital,1,1,,,,2,1,1,1,34,Thái Bình,Thai Binh,336,Thành phố Thái Bình,Thai Binh City,,Phường Quang Trung,Quang Trung Ward,"530 Lý Bôn, Lý Bôn, Phường Quang Trung, thành phố Thai Binh, Thai Binh",106.338725,20.441910,(0227) 3834281,,http://bvdktinhthaibinh.vn/Portal/,lienhe@bvdktinhthaibinh.com,,vietgis,ST22,L2,E1,2,30.12.2015,34001,THÁI BÌNH,BỆNH VIỆN ĐK TỈNH THÁI BÌNH,Tinh/Thanh pho,Hạng I,Benh vien đa khoa,Benh vien đa khoa Tinh Thai Binh,1,2,1,đường Lý Bôn - TP Thai Binh,BV,0,92
,1,30013,1,08/2017/QĐ-UBND,1,tỉnh,Bệnh viện đa khoa Tỉnh Hải Dương,Hai Duong Provincial General Hospital,bệnh viện đa khoa tỉnh,provincial general hospital,1,1,,,,2,1,1,1,30,Hải Dương,Hai Duong,288,Thành phố Hải Dương,Hai Duong City,,Phường Thanh Binh,Thanh Binh Ward,"225 Nguyen Lương Bằng, Nguyen Lương Bằng, Phường Thanh Binh, thành phố Hải Dương, Hải Dương",106.307451,20.934632,(0220) 3890205,(0220) 3891268,,,,vietgis,ST22,L2,E1,2,30.12.2015,30013,HẢI DƯƠNG,BỆNH VIỆN Da KHOA TỈNH HẢI DƯƠNG,Tinh/Thanh pho,Hạng I,Benh vien đa khoa,BV ĐK Tinh Hải D uong,1,2,2,P. Thanh Binh - TP Hải D uong,BV,0,319
,1,36001,1,29/2017/QĐ-UBND,1,tỉnh,Bệnh viện đa khoa tỉnh Nam Định,Nam Dinh Provincial General Hospital,bệnh viện đa khoa tỉnh,provincial general hospital,1,1,,,,2,1,1,1,36,Nam Định,Nam Dinh,356,Thành phố Nam Định,Nam Dinh City,,Phường Ngô Quyền,Ngo Quyen Ward,"2 Trần Quoc Toản, Trần Quoc Toản, Phường Ngô Quyền, thành phố Nam Định, Nam Định",106.172407,20.425891,(0228) 3849223,,,,,vietgis,ST22,L2,E1,2,30.12.2015,36001,NAM ĐỊNH,BỆNH VIỆN ĐK TỈNH NAM ĐỊNH,Tinh/Thanh pho,Hạng I,Benh vien đa khoa,Benh vien đa khoa Tinh Nam Định,1,2,1,Thanh pho Nam d_nh,BV,0,84
,1,37101,1,36/2017/QĐ-UBND,1,tỉnh,Bệnh viện đa khoa Tỉnh Ninh Bình,Ninh Binh Provincial General Hospital,bệnh viện đa khoa tỉnh,provincial general hospital,1,1,,,,2,1,1,1,37,Ninh Bình,Ninh Binh,369,Thành phố Ninh Binh,Ninh Binh City,,Phường Nam Thành,Nam Thanh Ward,"Tuệ Tĩnh, Phường Nam Thành, thành phố Ninh Binh, Ninh Binh",105.966064,20.245572,(0229) 3871030,(0229) 3897374,http://benhviendakhoaninhbinh.com.vn/,Banbientapbvnb@gmail.com,,vietgis,ST22,L2,E1,2,30.12.2015,37101,NINH BÌNH,BỆNH VIỆN Da KHOA TỈNH NINH BINH,Tinh/Thanh pho,Hạng I,Benh vien đa khoa,Benh vien đa khoa Tinh Ninh Binh,1,2,1,"Phường Nam Thành, Thanh pho.Ninh Binh, Tinh Ninh Binh",BV,0,59
,1,38280,1,,1,tỉnh,Bệnh viện đa khoa Tỉnh Thanh Hóa,"Thanh Hoa Provincial General Hospital
",bệnh viện đa khoa tỉnh,provincial general hospital,1,1,,,,2,1,1,1,38,Thanh Hóa,Thanh Hoa,380,Thành phố Thanh Hóa,Thanh Hoa City,,Phường Đông Vệ,Dong Ve Ward,"181 Hải Thượng Lãn Ông, Hải Thượng Lãn Ông, Phường Dong Vệ, thành phố Thanh Hóa, Thanh Hóa",105.771287,19.776167,(0237) 3951467,(0237) 3950325,,,,vietgis,ST22,L2,E1,2,30.12.2015,38280,THANH HOÁ,BỆNH VIỆN ĐK TỈNH THANH HÓA,Tinh/Thanh pho,Hạng I,Benh vien đa khoa,Benh vien đa khoa Tinh,1,2,1,"181 Hải Thượng Lãn Ông, Phường Dong Vệ TPth",BV,0,22
,1,38289,1,,2,tỉnh,Bệnh viện đa khoa Hợp Lực ,Hop Luc General Hospital,bệnh viện đa khoa tư nhân,Private general hospital,1,1,,,Tổng Công ty CP Hợp Lực,,3,2,1,38,Thanh Hóa,Thanh Hoa,380,Thanh pho Thanh Hóa,Thanh Hoa City,,Phường Đông Thọ,Dong Tho Ward,"595 Nguyen Chí Thanh,  Phường Đông Thọ, thành phố Thanh Hóa, Thanh Hóa",105.777963,19.827937,(0237) 3713713,,,,,vietgis,ST22,L2,E1,2,30.12.2015,38289,THANH HOÁ,BỆNH VIỆN ĐK HỢP LỰC,Ngoài cong lập,Chưa phân hạng,Benh vien đa khoa,Benh vien đa khoa Hợp Lực,1,2,2,595 Nguyen Chí Thanh P Dong Tho TPth,BV,0,32
,1,40001,1,46/2016/QĐ-UBND,1,tỉnh,Bệnh viện Hữu nghị Đa khoa Tỉnh Nghệ An,Nghe An Friendship Hospital (provincial general),bệnh viện đa khoa tỉnh,provincial general hospital,1,1,,,,2,1,1,1,40,Nghệ An,Nghe An,412,Thành phố Vinh,Vinh City,,Phường Hưng Dũng,Hung Dung Ward,"138 Nguyen Phong Sắc, Nguyen Phong Sắc, Phường Hưng Dũng, thành phố Vinh, Nghệ An",105.700738,18.685254,(0238) 3844528,(0238) 3844528,http://www.bvnghean.vn/home,info@bvnghean.vn,,vietgis,ST22,L2,E1,2,30.12.2015,40001,NGHỆ AN,BỆNH VIỆN ĐK TỈNH NGHỆ AN,Tinh/Thanh pho,Hạng I,Benh vien đa khoa,Benh vien hữu nghi đa khoa Tinh Nghe An,1,2,1,TP Vinh - Tinh Nghe An,BV,0,1829
,,42012,1,,1,tỉnh,Bệnh viện đa khoa Tỉnh Hà Tĩnh,Ha Tinh Provincial General Hospital,bệnh viện đa khoa tỉnh,provincial general hospital,1,1,,,,2,1,1,1,42,Hà Tĩnh,Ha Tinh,436,Thành phố Hà Tĩnh,Ha Tinh City,,Phường Bắc Hà,Bac Ha Ward,"75 Hải Thượng Lãn Ông, Hải Thượng Lãn Ông, Phường Bắc Hà, thành phố Hà Tĩnh, Hà Tĩnh",105.895483,18.343639,(0239) 3855569,(0239) 3856216,http://www.bvdkht.vn/,bvdktinh@hatinh.gov.vn,,vietgis,ST22,L2,E1,2,30.12.2015,42012,HÀ TĨNH,BỆNH VIỆN ĐK TỈNH HÀ TĨNH,Tinh/Thanh pho,Hạng I,Benh vien đa khoa,Benh vien đa khoa Tinh,1,2,1,TP Ha Tinh - Tinh Ha Tinh,BV,0,1809
,,45010,1,44/2016/QĐ-UBND,1,tỉnh,Bệnh viện đa khoa Tỉnh Quảng Trị,Quang Tri Provincial General Hospital,bệnh viện đa khoa tỉnh,provincial general hospital,1,1,,,,2,1,1,1,45,Quảng Trị,Quang Tri,461,Thành phố Đông Hà,Dong Ha City,,Phường 5,Ward 5,"83 Le Lợi,Le Lợi, Phường 5, thành phố Dong Hà, Quang  Trị",107.108717,16.810449,965331313,,http://quangtrihospital.vn/,,,vietgis,ST22,L2,E1,2,30.12.2015,45010,QUẢNG TRỊ,BỆNH VIỆN ĐK TỈNH QUẢNG TRỊ,Tinh/Thanh pho,Hạng II,Benh vien đa khoa,Benh vien đa khoa Tinh Quang  Trị,1,2,2,TP Dong Hà - Quang  Trị,BV,0,1559
,1,46001,1,246/QD-TTg-2014,Đặc biệt,trung ương,Bệnh viện đa khoa Trung ương Huế,Hue Central Hospital,bệnh viện đa khoa trung ương,Central general hospital ,1,1,,,,1,1,1,1,46,Thừa Thiên Huế,Thua Thien Hue,474,Thành phố Huế,Hue City,,Phường Vĩnh Ninh,Vinh Ninh Ward,"16 Le Lợi, TP. Huế",107.585878,16.463088,(0234) 3822325,(0234) 3823324,http://www.bvtwhue.com.vn/,bvtwhue@dng.vnn.vn,,vietgis,ST12,L1,E1,1,30.12.2015,46001,CỤC QL KHÁM CHỮA BỆNH,BỆNH VIỆN  Da KHOA TRUNG ƯƠNG HUẾ,Bộ Y tế,Hạng đặc biệt,Benh vien đa khoa,Benh vien Trung  uong Huế,0,1,0,"16 Le Lợi, Thanh pho Huế",BV,0,1543
,1,48001,1,,1,tỉnh,Bệnh viện Đà Nẵng (BV đa khoa thành phố),Da Nang Hospital (Municipal General),bệnh viện đa khoa tỉnh,provincial general hospital,1,1,,,,2,1,1,1,48,Đà Nẵng,Da Nang,492,Quận Hải Châu,Hai Chau District,,Phường Thạch Thang,Thach Thang WArd,"124 Hải Phong, Hải Phong, Phường Thạch Thang, Quận Hải Châu, Đà Nẵng",108.215466,16.072942,(0236) 3821118,,http://dananghospital.org.vn/,benhviendanang@danang.gov.vn,,vietgis,ST22,L2,E1,2,30.12.2015,48001,ĐÀ NẴNG,BỆNH VIỆN ĐÀ NẴNG,Tinh/Thanh pho,Hạng I,Benh vien đa khoa,Benh vien Đà Nẵng,3,2,1,124 HảI Phong - Quận Hải Châu - TP Đà Nẵng,BV,0,1527
,1,48002,1,246/QD-TTg-2014,1,trung ương,Bệnh viện C Đà Nẵng,Da Nang C Hospital,bệnh viện đa khoa trung ương,Central general hospital ,1,1,,,,1,1,1,1,48,Đà Nẵng,Da Nang,492,Quận Hải Châu,Hai Chau District,,Phường Thạch Thang,Thach Thang Ward,"122 Hải Phòng, Phường Thạch Thang, Quận Hải Châu, Đà Nẵng",108.216767,16.073090,(0236) 3821480,(0236) 3820980,http://bvcdn.org.vn/,benhviencdn@gmail.com,,vietgis,ST13,L1,E1,1,30.12.2015,48002,CỤC QL KHÁM CHỮA BỆNH,BỆNH VIỆN C ĐÀ NẴNG,Bộ Y tế,Hạng I,Benh vien đa khoa,Benh vien C Đà Nẵng,3,1,1,122 HảI Phong - Quận Hải Châu - TP Đà Nẵng,BV,0,1528
,,52001,1,,1,tỉnh,Bệnh viện đa khoa tỉnh Bình Định (CS1),Binh Dinh provincial General Hospital (CS1),bệnh viện đa khoa tỉnh,provincial general hospital,1,1,,,,2,1,1,1,52,Bình Định,Binh Dinh,540,Thành phố Quy Nhơn,Quy Nhon City,,Phường Lê Hồng Phong,Le Hong Phong Ward,"106 Nguyen Huệ, Phường Trần Phú, thành phố Quy Nhơn, Binh Định",109.226257,13.766954,(0256) 3822330,(0256) 3825455,http://binhdinhhospital.vn/,,,vietgis,ST22,L2,E1,2,30.12.2015,52001,BÌNH ĐỊNH,BỆNH VIỆN ĐK TỈNH BÌNH ĐỊNH,Tinh/Thanh pho,Hạng I,Benh vien đa khoa,Benh vien đa khoa Tinh Binh Định,1,2,1,TP Quy Nhơn - Tinh Binh Định,BV,0,1454
,1,58001,1,57/2018/QĐ-UBND q,2,tỉnh,Bệnh viện đa khoa Ninh Thuận,Ninh Thuan provincial General Hospital,bệnh viện đa khoa tỉnh,provincial general hospital,1,1,,,,2,1,1,1,58,Ninh Thuận,Ninh Thuan,582,Thành phố Phan Rang-Tháp Chàm,Phan Rang-Thap Cham City,,Phường Mỹ Hương,My Huong Ward,"5 Le Hong Phong, Le Hong Phong, Phường Mỹ Hương, thành phố Phan Rang-Tháp Chàm, Ninh Thuận",108.989637,11.565428,(0259) 3822661,,http://benhvienninhthuan.vn/,,,vietgis,ST22,L2,E1,2,30.12.2015,58001,NINH THUẬN,BỆNH VIỆN ĐK TỈNH NINH THUẬN,Tinh/Thanh pho,Hạng II,Benh vien đa khoa,Benh vien đa khoa Ninh Thuận,1,2,2,"Thanh pho.Phan Rang, Tháp Chàm, Tinh Ninh Thuận",BV,0,1375
,1,64017,1,,chưa,tỉnh,Bệnh viện Đại học y Dược Hoàng Anh Gia Lai,Hoang Anh Gia Lai University Medical Center,bệnh viện đại học tư nhân,Private university hospital,1,1,,,ĐHYD TP HCM và Tập đoàn Hoàng Anh Gia Lai,,3,2,1,64,Gia Lai,Gia Lai,622,Thành phố Pleiku,Pleiku City,,Phường Trà Bá,Tra Ba Ward,238 – Lê Duẩn – TP. Pleiku – Gia Lai ,108.029564,13.971157,(0269) 2222 517,(0269) 3760087,http://bvhagl.com.vn/,,,vietgis,ST22,L2,E1,2,30.12.2015,64017,GIA LAI,BỆNH VIỆN ĐẠI HỌC Y DƯỢC-HAGL,Ngoài cong lập,Hạng II,Benh vien đa khoa,Benh vien đại học Y Duoc Hoang Anh Gia Lai,1,2,2,Phường Trà Bá - TP Pleiku - Tinh Gia Lai,BV,0,1463
,1,75002,1,,1,tỉnh,Bệnh viện đa khoa Thống Nhất-Đồng Nai,Dong Nai Thong Nhat General Hospital ,bệnh viện đa khoa tỉnh,provincial general hospital,1,1,,,,2,1,1,1,75,Đồng Nai,Dong Nai,731,Thành phố Biên Hòa,Bien Hoa City,,Phường Tân Biên,Tan Bien Ward,"234 Quoc Lộ 1A, Quoc Lộ 1A, Phường Tân Biên, thành phố Biên Hoa, Đồng Nai",106.900295,10.967859,967751717,(0251) 3867121,,,,vietgis,ST22,L2,E1,2,30.12.2015,75002,ĐỒNG NAI,BỆNH VIỆN ĐK THỐNG NHẤT,Tinh/Thanh pho,Hạng I,Benh vien đa khoa,benh viên đa khoa Thống Nhất,1,2,1,Phường Tân Biên - Biên Hoa - Đồng Nai,BV,0,1343
GD1 vốn NSNN; GD2 vốn XHH,1,75001,1,,1,tỉnh,Bệnh viện đa khoa tỉnh Đồng Nai (một phần vốn xây dựng và trang bị là từ vốn XHH),Dong Nai Provincial General Hospital (PPP capital for construction and equipment),PPP,PPP,1,1,,,CÔNG TY CỔ PHẦN BỆNH VIỆN ĐA KHOA ĐỒNG NAI,2,1,1,1,75,Đồng Nai,Dong Nai,731,Thành phố Biên Hòa,Bien Hoa City,,Phường Thanh Bình,Thanh Binh Ward,"2 Đường Đồng Khởi, Tam Hoà, Thành phố Biên Hòa, Tam Hoà tp. Biên Hòa Đồng Nai, Vietnam (old hospital was on 30/4 street)",106.867828,10.952736,967901717,(0251) 3822549,,,,vietgis,ST22,L2,E1,2,30.12.2015,75001,ĐỒNG NAI,BỆNH VIỆN ĐK ĐỒNG NAI,Tinh/Thanh pho,Hạng I,Benh vien đa khoa,Bệnh viện Đa khoa Tinh Đồng Nai,1,2,1,Phường Quyết Thắng - Biên Hoa - Đồng Nai,BV,0,1336
,1,75009,1,,2,tỉnh,Bệnh viện đa khoa Khu vực Long Khánh,Long Khanh Regional General Hospital,bệnh viện đa khoa tỉnh,provincial general hospital,1,1,,,,2,1,1,1,75,Đồng Nai,Dong Nai,732,Thành phố Long Khánh,Long Khanh City,,Phường Xuân Bình,Xuan Binh Ward,"133 Hùng Vương, P. Xuân Binh, TP. Long Khánh, Đồng Nai",107.242879,10.929479,967801717,(0251) 3877236,,,,vietgis,ST22,L2,E1,2,30.12.2015,75009,ĐỒNG NAI,BỆNH VIỆN ĐK KHU VỰC LONG KHÁNH,Tinh/Thanh pho,Hạng II,Benh vien đa khoa,Benh vien đa khoa KV Long Khánh,2,2,2,Phường Xuân Binh - Thị Xã Long Khánh - Đồng Nai,BV,0,1330
,,75011,1,,2,tỉnh,Bệnh viện đa khoa Khu vuc Định Quán,Dinh Quan Regional General Hospital,bệnh viện đa khoa tỉnh,provincial general hospital,1,1,,,,2,1,1,1,75,Đồng Nai,Dong Nai,736,Huyện Định Quán,Dinh Quan District,,Thị trấn Định Quán,Dinh Quan Town,"thị trấn Định Quán, huyện Định Quán, Đồng Nai",107.363421,11.198789,967811717,,,,,vietgis,ST22,L2,E1,2,30.12.2015,75011,ĐỒNG NAI,BỆNH VIỆN ĐK KHU VỰC ĐỊNH QUÁN,Tinh/Thanh pho,Hạng II,Benh vien đa khoa,Benh vien đa khoa KV Định Quán,5,2,2,Thi tran Định Quán - Huyen Định Quán - Đồng Nai,BV,0,1358
,1,75263,1,,Chưa xếp hạng,huyện,Bệnh viện Quốc tế Hoàn Mỹ Đồng Nai  [Tập đoàn Y khoa Hoàn Mỹ],Hoan My International Hospital in Dong Nai (Hoan My Group),bệnh viện đa khoa tư nhân,Private general hospital,1,1,,,Tập doàn Y khoa Hoàn Mỹ-Công Ty Cổ Phần Bệnh Viện Quốc Tế Đồng Nai ,,3,2,1,75,Đồng Nai,Dong Nai,731,Thành phố Biên Hòa,Bien Hoa City,,Phường Tân Mai,Tan Mai Ward,"1048A Phạm Văn Thuận, Khu phố 2, Phường Tân Mai, Tp. Biên Hòa, tỉnh Đồng Nai",106.846929,10.958136,(0251) 3955955,,https://www.hoanmydongnai.com/#slider,,,,,,,,,,,,,,,,,,,,,,
,1,75266,1,,Chưa xếp hạng,huyện,Bệnh viện Hoàn Mỹ -ITO Đồng Nai [Tập đoàn Y khoa Hoàn Mỹ] [tiền thân là Bệnh viện quốc tế chấn thương chỉnh hình Sài gòn – Đồng Nai],Hoan My Trauma and Orthopedics (ITO) Hospital -Dong Nai (Hoan My Group),bệnh viện chuyên khoa tư nhân,private specialized hospital ,1,2,CHINHHINH,,Tập doàn Y khoa Hoàn Mỹ-CTCP Y Khoa Hoàn Mỹ;  [CÔNG TY CP BỆNH VIỆN QUỐC TẾ CHẤN THƯƠNG CHỈNH HÌNH SÀI GÒN - ĐỒNG NAI]  ,,3,2,1,75,Đồng Nai,Dong Nai,731,Thành phố Biên Hòa,Bien Hoa City,,Phường Thống Nhất,Thong Nhat Ward,"F99 Võ Thị Sáu, P. Thống Nhất, Tp. Biên Hòa, Tỉnh Đồng Nai",106.828750,10.948014,(0251) 3918569,,https://www.hoanmyitodongnai.com/#lien-he,,,,,,,,,,,,,,,,,,,,,,
,1,77003,1,,2,tỉnh,Bệnh viện Bà Rịa,Ba Ria Provincial General Hospital,bệnh viện đa khoa tỉnh,provincial general hospital,1,1,,,,2,1,1,1,77,Bà Rịa - Vung Tàu,Ba Ria - Vung Tau,748,Thành phố Bà Rịa,Ba Ria City,,Phường Long Tâm,Long Tam Ward,"686 Võ Văn Kiệt, Long Tâm, Bà Rịa Vũng Tàu (cơ sở cũ tại 13 Phạm Ngọc Thạch, Phường Phước Hưng, thành phố Bà Rịa, Bà Rịa - Vung Tàu)",107.196660,10.509718,(0254) 3 731 115,(0254) 3 828 118,http://benhvienbaria.com/,admin@benhvienbaria.com,,vietgis,ST22,L2,E1,2,30.12.2015,77003,BÀ RỊA - VŨNG TẦU,BỆNH VIỆN Da KHOA TỈNH BÀ RỊA,Tinh/Thanh pho,Hạng II,Benh vien đa khoa,Benh vien Bà Rịa,2,2,2,"Khu Phè 5, Phước Hưng, TP Bà Rịa, Brvt.",BV,0,993
,1,77001,1,,2,tỉnh,Bệnh viện Lê Lợi,Le Loi Provincial General Hospital,bệnh viện đa khoa tỉnh,provincial general hospital,1,1,,,,2,1,1,1,77,Bà Rịa - Vung Tàu,Ba Ria - Vung Tau,747,Thành phố Vũng Tàu,Vung Tau City,,Phường 1,Ward 1,"22 Le Lợi, Le Lợi, Phường 1, thành phố Vung Tàu, Bà Rịa - Vung Tàu",107.074429,10.352341,(0254) 3832667,(0254) 3810607,http://benhvienleloi.com.vn/,info@benhvienleloi.vn,,vietgis,ST22,L2,E1,2,30.12.2015,77001,BÀ RỊA - VŨNG TẦU,BỆNH VIỆN Da KHOA LÊ LỢI,Tinh/Thanh pho,Hạng II,Benh vien đa khoa,Benh vien Le Lợi,1,2,2,"22 đường Le Lợi, Phường 7, TP Vung Tàu, Brvt",BV,0,958
,1,92000,1,246/QD-TTG-2014,1,trung ương,Bệnh viện đa khoa Trung ương Cần Thơ,Can Tho Central General Hospital,bệnh viện đa khoa trung ương,Central general hospital,1,1,,,,1,1,1,1,92,Cần Thơ,Can Tho,916,Quận Ninh Kiều,Ninh Kieu District,,Phường An Khánh,An Khanh Ward,"315 Nguyen Văn Linh P. An Khánh, Q. Ninh Kiều TP. Cần Thơ",105.755558,10.029433,7103820071,0710 3823167,http://bvtwct.vn/,bvdktwct@vnn.vn,,vietgis,ST12,L1,E1,1,30.12.2015,92000,CỤC QL KHÁM CHỮA BỆNH,BỆNH VIỆN  Da KHOA TRUNG ƯƠNG CẦN THƠ,Bộ Y tế,Hạng I,Benh vien đa khoa,Benh vien đa khoa TW Cần Thơ,1,1,1,"Quận Ninh Kiều, Thanh pho Cần Thơ",BV,0,918
,,92132,1,,,,Bệnh viện đa khoa quốc tế SIS Cần Thơ (Bệnh viện Đột quỵ Tim mạch Cần Thơ),Stroke International Services (SIS) Hospital - Can Tho,bệnh viện chuyên khoa tư nhân,Private specialized hospital,1,2,TIM,,,,3,2,1,92,Cần Thơ,Can Tho,916,Quận Ninh Kiều,Ninh Kieu District,,Phường An Bình,An Binh Ward,"397 Đường Nguyễn Văn Cừ, Phường An Bình, Quận Ninh Kiều, TP. Cần Thơ",105.737973,10.016390,02923 789 911,,http://sisvietnam.vn/tong-quan-ve-sis/,,,,,,,,,,,,,,,,,,,,,,
,1,94001,1,,2,tỉnh,Bệnh viện đa khoa Tỉnh Sóc Trăng,Soc Trang Provincial General Hospital,bệnh viện đa khoa tỉnh,provincial general hospital,1,1,,,,2,1,1,1,94,Sóc Trăng,Soc Trang,941,Thành phố Sóc Trăng,Soc Trang City,,Phường 5,Ward 5,"17 Pasteur, Pasteur, Phường 5, thành phố Sóc Trăng, Sóc Trăng",105.980211,9.611791,793825251,,http://benhviensoctrang.vn/,benhviensoctrang@gmail.com,,vietgis,ST22,L2,E1,2,30.12.2015,94001,SÓC TRĂNG,BỆNH VIỆN Da KHOA TỈNH SÓC TRĂNG,Tinh/Thanh pho,Hạng II,Benh vien đa khoa,Benh vien đa khoa Tinh Sóc Trăng,1,2,2,"18 Pasteur P8, TP Sóc Trăng",BV,0,877
Dự kiến xây dựng BV mới có 700 giường tại Xã Mỹ Tân,1,87012,1,42/2016/QĐ-UBND,1,tỉnh,"Bệnh viện Đa khoa Đồng Tháp
",Dong Thap Provincial General Hospital,bệnh viện đa khoa tỉnh,provincial general hospital,1,1,,,,2,1,1,1,87,Đồng Tháp,Dong Thap,866,Thành phố Cao Lãnh,Cao Lanh City ,,Xã Mỹ Trà,Mỹ Trà,"144 Mai Văn Khải, Mai Văn Khải, Xã Mỹ Trà, thành phố Cao Lãnh, Đồng Tháp",105.626464,10.472276,673851130,,http://www.bvdkdongthap.vn/,,,vietgis,ST22,L2,E1,2,30.12.2015,87012,ĐỒNG THÁP,BỆNH VIỆN ĐK ĐỒNG THÁP,Tinh/Thanh pho,Hạng I,Benh vien đa khoa,Benh vien đa khoa Đồng Tháp,1,2,1,Xã Mỹ Tân - TP Cao Lãnh - Tinh Đồng Tháp,BV,0,988
,1,91001,1,,1,tỉnh,Bệnh viện đa khoa tỉnh Kiên Giang (1200 beds),Kien Giang Provincial General Hospital,bệnh viện đa khoa tỉnh,provincial general hospital,1,1,,,,2,1,1,1,91,Kiên Giang,Kien Giang,899,Thành phố Rạch Giá,Rach Gia City,,Phường Vĩnh Thanh Vân,Vinh Thanh Van Ward,"46 Le Lợi, Le Lợi, Phường Vinh Thanh Van, thành phố Rạch Giá, Kiên Giang",105.083770,10.008468,773869918,077 3869918,http://bvdkkiengiang.vn/,,,vietgis,ST22,L2,E1,2,30.12.2015,91001,KIÊN GIANG,BỆNH VIỆN ĐK TỈNH KIÊN GIANG,Tinh/Thanh pho,Hạng I,Benh vien đa khoa,Benh vien đa khoa Kiên Giang,1,2,1,TP Rạch Giá - Tinh Kiên Giang,BV,0,914
,1,82020,1,,2,,Bệnh viện Quân y 120,120 Military Hospital,bệnh viện đa khoa ngành,Sectoral general hospital ,1,1,,QUOCPHONG,,5,2,1,1,82,Tiền Giang,Tien Giang,815,Thành phố Mỹ Tho,My Tho City',,Phường 6,Ward 6,"518 Nguyen Thị Thập, Nguyen Thị Thập, Phường 6, thành phố Mỹ Tho, Tiền Giang",106.337686,10.357577,733873489,,https://www.benhvienquany120.vn/,,,vietgis,ST55,L3,E1,2,30.12.2015,82020,,,,,,,0,0,0,,,0,1171
,1,89012,1,,2,tỉnh,Bệnh viện đa khoa Trung tâm An Giang,An Giang Provincial General Hospital,bệnh viện đa khoa tỉnh,provincial general hospital,1,1,,,,2,1,1,1,89,An Giang,An Giang,883,Thành phố Long Xuyên,Long Xuyen City,,Phường Mỹ Phước,My Phuoc Ward,"60 Ung Van Khiem, Phường Mỹ Phước, TP. Long Xuyên, An Giang",105.435833,10.370033,2963852989,02963 852 356,https://bvag.com.vn/,benhvienag@bvag.com.vn,,,ST22,L2,E1,2,30.12.2015,89012,AN GIANG,BỆNH VIỆN ĐK TT AN GIANG,Tinh/Thanh pho,Hạng II,Benh vien đa khoa,Benh vien đa khoa TT - AG,1,2,2,TP Long XuYen - Tinh An Giang,BV,0,972
,,89013,1,,2,huyện,Bệnh viện Đa khoa Khu vực Tỉnh An Giang (BVĐKKV Châu Đốc),An Giang Regional General Hospital (Chau Doc),bệnh viện đa khoa khu vực,regional general hospital,1,1,,,,6,1,1,1,89,An Giang,An Giang,884,Thành phố Châu Đốc,Chau Doc City,,Phường Vĩnh Mỹ,Vinh My Ward,"917 Tôn Đức Thắng, Tôn Đức Thắng, Phường Vinh Mỹ, Thành phố Châu Đốc, An Giang",105.147432,10.688677,969861919,02963569568 ,http://bvkvcd.com.vn/,bvdkkv.angiang@gmail.com ,,vietgis,ST22,L2,E1,2,30.12.2015,89013,AN GIANG,BỆNH VIỆN ĐK KHU VỰC TỈNH,Tinh/Thanh pho,Hạng II,Benh vien đa khoa,Benh vien đa khoa khu vuc Tinh,2,2,2,Thị Xã Châu Đốc - Tinh An Giang,BV,0,1010