facility_id,layer,name,latitude,longitude,address,city,postcode,source,source_detail,collaboration,osm_type,osm_id,amenity,healthcare,healthcare_speciality,operator,phone,website,rd_x,rd_y
osm:node:5285093354,hospital_emergency_proxy,,17.6268208,-63.2511527,,,,OpenStreetMap via Overpass API,OSM tags: amenity=hospital OR healthcare=hospital; use as emergency-care proxy unless later replaced by official SEH list,,node,5285093354,hospital,hospital,,,,,,
osm:node:7760619963,hospital_emergency_proxy,,51.4860078,4.3136584,,,,OpenStreetMap via Overpass API,OSM tags: amenity=hospital OR healthcare=hospital; use as emergency-care proxy unless later replaced by official SEH list,,node,7760619963,,hospital,,,,,,
osm:node:7760748992,hospital_emergency_proxy,,51.5287803,4.4389166,,,,OpenStreetMap via Overpass API,OSM tags: amenity=hospital OR healthcare=hospital; use as emergency-care proxy unless later replaced by official SEH list,,node,7760748992,,hospital,,,,,,
osm:way:158627696,hospital_emergency_proxy,,51.5407833,5.1043289,,,,OpenStreetMap via Overpass API,OSM tags: amenity=hospital OR healthcare=hospital; use as emergency-care proxy unless later replaced by official SEH list,,way,158627696,,hospital,,,,,,
osm:way:164329823,hospital_emergency_proxy,,52.051628,4.385249,,,,OpenStreetMap via Overpass API,OSM tags: amenity=hospital OR healthcare=hospital; use as emergency-care proxy unless later replaced by official SEH list,,way,164329823,hospital,hospital,,,,,,
osm:way:391072829,hospital_emergency_proxy,,50.867866,5.9721974,,,,OpenStreetMap via Overpass API,OSM tags: amenity=hospital OR healthcare=hospital; use as emergency-care proxy unless later replaced by official SEH list,,way,391072829,hospital,hospital,,,,,,
osm:way:414335324,hospital_emergency_proxy,,17.6257599,-63.2465539,"The Bottom, Caribbean Netherlands","The Bottom, Caribbean Netherlands",,OpenStreetMap via Overpass API,OSM tags: amenity=hospital OR healthcare=hospital; use as emergency-care proxy unless later replaced by official SEH list,,way,414335324,hospital,hospital,,,+599 416 3456,https://www.saba.edu/,,
osm:node:13668581818,hospital_emergency_proxy,Acute opname afdeling,52.6281466,4.73499,,,,OpenStreetMap via Overpass API,OSM tags: amenity=hospital OR healthcare=hospital; use as emergency-care proxy unless later replaced by official SEH list,,node,13668581818,hospital,hospital,,,,,,
osm:way:828865091,hospital_emergency_proxy,Admiraal De Ruyter Ziekenhuis,51.4514416,3.5664035,,,,OpenStreetMap via Overpass API,OSM tags: amenity=hospital OR healthcare=hospital; use as emergency-care proxy unless later replaced by official SEH list,,way,828865091,hospital,hospital,,,,,,
osm:node:1724006039,hospital_emergency_proxy,Admiraal De Ruyter Ziekenhuis,51.6564016,3.9283516,"Koning Gustaafweg 2, 4301NP, Zierikzee",Zierikzee,4301NP,OpenStreetMap via Overpass API,OSM tags: amenity=hospital OR healthcare=hospital; use as emergency-care proxy unless later replaced by official SEH list,,node,1724006039,hospital,hospital,,,,https://www.adrz.nl/,,
osm:way:1380333739,hospital_emergency_proxy,Adrz,51.4847167,3.9075065,"'s-Gravenpolderseweg 114, 4462RA, Goes",Goes,4462RA,OpenStreetMap via Overpass API,OSM tags: amenity=hospital OR healthcare=hospital; use as emergency-care proxy unless later replaced by official SEH list,,way,1380333739,hospital,hospital,,,+31 88 125 0000,https://www.adrz.nl/,,
osm:way:473062703,hospital_emergency_proxy,Advent Hospital,12.1200453,-68.9037542,Groot Davelaarweg 1,,,OpenStreetMap via Overpass API,OSM tags: amenity=hospital OR healthcare=hospital; use as emergency-care proxy unless later replaced by official SEH list,,way,473062703,hospital,hospital,,,+5999 737 0611,,,
osm:way:404022973,hospital_emergency_proxy,"Albert Schweitzer Ziekenhuis, loc. Dordwijk",51.7920898,4.6822779,,,,OpenStreetMap via Overpass API,OSM tags: amenity=hospital OR healthcare=hospital; use as emergency-care proxy unless later replaced by official SEH list,,way,404022973,hospital,hospital,,Albert Schweitzer Ziekenhuis,+31 78 654 1111,,,
osm:relation:3603304,hospital_emergency_proxy,"Albert Schweitzer Ziekenhuis, loc. Zwijndrecht",51.8264992,4.6293176,,,,OpenStreetMap via Overpass API,OSM tags: amenity=hospital OR healthcare=hospital; use as emergency-care proxy unless later replaced by official SEH list,,relation,3603304,hospital,,,,,,,
osm:way:903949261,hospital_emergency_proxy,Alrijne Alphen aan den Rijn,52.1427949,4.6611025,"Meteoorlaan 4, 2402WC, Alphen aan den Rijn",Alphen aan den Rijn,2402WC,OpenStreetMap via Overpass API,OSM tags: amenity=hospital OR healthcare=hospital; use as emergency-care proxy unless later replaced by official SEH list,,way,903949261,hospital,hospital,,,,https://www.alrijne.nl/locaties/alphen/,,
osm:way:374346013,hospital_emergency_proxy,Alrijne Ziekenhuis Leiden,52.1737437,4.4829986,,,,OpenStreetMap via Overpass API,OSM tags: amenity=hospital OR healthcare=hospital; use as emergency-care proxy unless later replaced by official SEH list,,way,374346013,hospital,hospital,,,,https://www.alrijne.nl/leiden/,,
osm:way:242350734,hospital_emergency_proxy,Alrijne Ziekenhuis Leiderdorp,52.1566631,4.54089,,,,OpenStreetMap via Overpass API,OSM tags: amenity=hospital OR healthcare=hospital; use as emergency-care proxy unless later replaced by official SEH list,,way,242350734,hospital,hospital,,,,,,
osm:node:13690635863,hospital_emergency_proxy,Ambulance garage,52.6280766,4.7337436,,,,OpenStreetMap via Overpass API,OSM tags: amenity=hospital OR healthcare=hospital; use as emergency-care proxy unless later replaced by official SEH list,,node,13690635863,hospital,hospital,,,,,,
osm:node:2853614033,hospital_emergency_proxy,Amphia,51.6483637,4.8717802,"Muldersteeg 6, 4901ZG, Oosterhout",Oosterhout,4901ZG,OpenStreetMap via Overpass API,OSM tags: amenity=hospital OR healthcare=hospital; use as emergency-care proxy unless later replaced by official SEH list,,node,2853614033,hospital,hospital,,,,https://www.amphia.nl,,
osm:node:13516683239,hospital_emergency_proxy,Amphia,51.6476721,4.8701594,"Pasteurlaan 9, 4901DH, Oosterhout",Oosterhout,4901DH,OpenStreetMap via Overpass API,OSM tags: amenity=hospital OR healthcare=hospital; use as emergency-care proxy unless later replaced by official SEH list,,node,13516683239,hospital,hospital,,,+31 76 595 50 00,https://www.amphia.nl,,
osm:way:126621912,hospital_emergency_proxy,Amphia Breda,51.5818941,4.7969227,"Molengracht 21, 4818CK, Breda",Breda,4818CK,OpenStreetMap via Overpass API,OSM tags: amenity=hospital OR healthcare=hospital; use as emergency-care proxy unless later replaced by official SEH list,,way,126621912,hospital,hospital,,Amphia,+31 76 595 5000,https://www.amphia.nl,,
osm:way:25723907,hospital_emergency_proxy,Amsterdam UMC - locatie VUMC,52.3345352,4.8599263,"De Boelelaan 1117, 1081HV, Amsterdam",Amsterdam,1081HV,OpenStreetMap via Overpass API,OSM tags: amenity=hospital OR healthcare=hospital; use as emergency-care proxy unless later replaced by official SEH list,,way,25723907,hospital,hospital,,,+31 204444444,https://www.vumc.nl,,
osm:way:11575103,hospital_emergency_proxy,Amsterdam UMC locatie AMC,52.2925002,4.9569165,"Meibergdreef 9, 1105AZ, Amsterdam",Amsterdam,1105AZ,OpenStreetMap via Overpass API,OSM tags: amenity=hospital OR healthcare=hospital; use as emergency-care proxy unless later replaced by official SEH list,,way,11575103,hospital,hospital,,,,,,
osm:node:2738008858,hospital_emergency_proxy,Anna Ziekenhuis,51.4168439,5.4774037,"Antoon Coolenlaan 1-03, 5644RX, Eindhoven",Eindhoven,5644RX,OpenStreetMap via Overpass API,OSM tags: amenity=hospital OR healthcare=hospital; use as emergency-care proxy unless later replaced by official SEH list,,node,2738008858,hospital,hospital,,,+31 40 286 4144,https://www.st-anna.nl/,,
osm:node:2872252674,hospital_emergency_proxy,Anna Ziekenhuis,51.4198514,5.5585586,"Bogardeind 2, 5664EH, Geldrop",Geldrop,5664EH,OpenStreetMap via Overpass API,OSM tags: amenity=hospital OR healthcare=hospital; use as emergency-care proxy unless later replaced by official SEH list,,node,2872252674,hospital,hospital,,,+31 40 286 4040,https://www.annaziekenhuis.nl/,,
osm:node:7259150115,hospital_emergency_proxy,Annadal Kliniek,50.8479188,5.6688266,"Brouwersweg 100 C02, 6216EG, Maastricht",Maastricht,6216EG,OpenStreetMap via Overpass API,OSM tags: amenity=hospital OR healthcare=hospital; use as emergency-care proxy unless later replaced by official SEH list,,node,7259150115,hospital,hospital,,,,https://www.annadal-kliniek.nl/,,
osm:way:626477503,hospital_emergency_proxy,Antes klinieken Poortugaal,51.8466889,4.3955516,,,,OpenStreetMap via Overpass API,OSM tags: amenity=hospital OR healthcare=hospital; use as emergency-care proxy unless later replaced by official SEH list,,way,626477503,hospital,hospital,,,,,,
osm:way:25711528,hospital_emergency_proxy,Antoni van Leeuwenhoek,52.3502898,4.8257571,,,,OpenStreetMap via Overpass API,OSM tags: amenity=hospital OR healthcare=hospital; use as emergency-care proxy unless later replaced by official SEH list,,way,25711528,hospital,hospital,,,,https://www.avl.nl,,
osm:node:2762731809,hospital_emergency_proxy,Antonius,51.3249615,3.4815907,"Pastoor van Genklaan 6, 4501AJ, Oostburg",Oostburg,4501AJ,OpenStreetMap via Overpass API,OSM tags: amenity=hospital OR healthcare=hospital; use as emergency-care proxy unless later replaced by official SEH list,,node,2762731809,hospital,hospital,,ZorgSaam Zorggroep Zeeuws-Vlaanderen,+31 117 459 000,https://www.zorgsaam.org/ziekenhuis/service-contact/contact-route,,
osm:way:990976406,hospital_emergency_proxy,Antonius Ziekenhuis,53.0350521,5.6424475,,,,OpenStreetMap via Overpass API,OSM tags: amenity=hospital OR healthcare=hospital; use as emergency-care proxy unless later replaced by official SEH list,,way,990976406,hospital,hospital,,,,https://www.mijnantonius.nl/,,
osm:way:1065953733,hospital_emergency_proxy,Antonius Ziekenhuis Emmeloord,52.7035148,5.7332653,"Urkerweg 4, 8303BX, Emmeloord",Emmeloord,8303BX,OpenStreetMap via Overpass API,OSM tags: amenity=hospital OR healthcare=hospital; use as emergency-care proxy unless later replaced by official SEH list,,way,1065953733,clinic,hospital,,Antonius Zorggroep,+31 527 620 460,https://www.mijnantonius.nl/emmeloord,,
osm:way:694035579,hospital_emergency_proxy,Basalt Revalidatiecentrum,52.1705721,4.4690334,,,,OpenStreetMap via Overpass API,OSM tags: amenity=hospital OR healthcare=hospital; use as emergency-care proxy unless later replaced by official SEH list,,way,694035579,hospital,hospital,,,,,,
osm:way:403286686,hospital_emergency_proxy,Basalt revalidatie Den Haag,52.0412191,4.2676011,,,,OpenStreetMap via Overpass API,OSM tags: amenity=hospital OR healthcare=hospital; use as emergency-care proxy unless later replaced by official SEH list,,way,403286686,hospital,rehabilitation,physiatry,,,https://www.basaltrevalidatie.nl/locaties/den-haag-vrederustlaan/,,
osm:way:132258761,hospital_emergency_proxy,Beatrixziekenhuis,51.8393157,4.9572145,,,,OpenStreetMap via Overpass API,OSM tags: amenity=hospital OR healthcare=hospital; use as emergency-care proxy unless later replaced by official SEH list,,way,132258761,hospital,hospital,,Rivas Zorggroep,,https://www.rivas.nl/beatrixziekenhuis/,,
osm:way:687846088,hospital_emergency_proxy,Bernhoven,51.6737926,5.6061899,,,,OpenStreetMap via Overpass API,OSM tags: amenity=hospital OR healthcare=hospital; use as emergency-care proxy unless later replaced by official SEH list,,way,687846088,hospital,hospital,,,,,,
osm:way:37379077,hospital_emergency_proxy,BovenIJ Ziekenhuis,52.4046484,4.9219157,,,,OpenStreetMap via Overpass API,OSM tags: amenity=hospital OR healthcare=hospital; use as emergency-care proxy unless later replaced by official SEH list,,way,37379077,hospital,hospital,,,,,,
osm:way:1284150804,hospital_emergency_proxy,Bravis Ziekenhuis - locatie Bergen op Zoom,51.4863894,4.314663,,,,OpenStreetMap via Overpass API,OSM tags: amenity=hospital OR healthcare=hospital; use as emergency-care proxy unless later replaced by official SEH list,,way,1284150804,hospital,hospital,,,,,,
osm:way:802107910,hospital_emergency_proxy,Bravis Ziekenhuis locatie Roosendaal,51.5281491,4.4386899,"Boerhaavelaan 25, 4708AE, Roosendaal",Roosendaal,4708AE,OpenStreetMap via Overpass API,OSM tags: amenity=hospital OR healthcare=hospital; use as emergency-care proxy unless later replaced by official SEH list,,way,802107910,hospital,hospital,,,+31 88 706 8000,https://www.bravisziekenhuis.nl/contact/locaties/roosendaal,,
osm:way:750679819,hospital_emergency_proxy,Canisius-Wilhelmina Ziekenhuis,51.8175938,5.8307846,"Weg door Jonkerbos 100, 6532SZ, Nijmegen",Nijmegen,6532SZ,OpenStreetMap via Overpass API,OSM tags: amenity=hospital OR healthcare=hospital; use as emergency-care proxy unless later replaced by official SEH list,,way,750679819,hospital,hospital,,,+31 24 365 7657,https://www.cwz.nl/,,
osm:way:273494884,hospital_emergency_proxy,Catharina Ziekenhuis,51.4657273,5.4721327,"Michelangelolaan 2, 5623EJ, Eindhoven",Eindhoven,5623EJ,OpenStreetMap via Overpass API,OSM tags: amenity=hospital OR healthcare=hospital; use as emergency-care proxy unless later replaced by official SEH list,,way,273494884,hospital,hospital,,,,https://www.catharinaziekenhuis.nl/,,
osm:way:398806410,hospital_emergency_proxy,Centraal Dierenlaboratorium,51.8246343,5.8648294,,,,OpenStreetMap via Overpass API,OSM tags: amenity=hospital OR healthcare=hospital; use as emergency-care proxy unless later replaced by official SEH list,,way,398806410,hospital,hospital,,RadboudUMC,,,,
osm:way:387975180,hospital_emergency_proxy,Curaçao Medical Center,12.1101754,-68.9418483,J. H. J. Hamelbergweg,,,OpenStreetMap via Overpass API,OSM tags: amenity=hospital OR healthcare=hospital; use as emergency-care proxy unless later replaced by official SEH list,,way,387975180,hospital,hospital,,,+599 9 745 0000,https://cmc.cw/,,
osm:node:2779117706,hospital_emergency_proxy,DG&J-ZHZ,51.7915059,4.6801688,,,,OpenStreetMap via Overpass API,OSM tags: amenity=hospital OR healthcare=hospital; use as emergency-care proxy unless later replaced by official SEH list,,node,2779117706,hospital,hospital,,,,,,
osm:node:2610265873,hospital_emergency_proxy,De Gezichtskliniek,51.9132038,4.4850171,"Boompjes 543, 3011XZ, Rotterdam",Rotterdam,3011XZ,OpenStreetMap via Overpass API,OSM tags: amenity=hospital OR healthcare=hospital; use as emergency-care proxy unless later replaced by official SEH list,,node,2610265873,hospital,hospital,,,,https://www.degezichtskliniek.nl/,,
osm:way:432075134,hospital_emergency_proxy,De Honte,51.3089566,3.8605887,,,,OpenStreetMap via Overpass API,OSM tags: amenity=hospital OR healthcare=hospital; use as emergency-care proxy unless later replaced by official SEH list,,way,432075134,hospital,hospital,,ZorgSaam,+31 115 688 000,https://www.zorgsaam.org/ziekenhuis/,,
osm:node:2787590369,hospital_emergency_proxy,De Lupine,51.9339483,4.5714827,"Lupinestraat 1, 2906CV, Capelle aan den IJssel",Capelle aan den IJssel,2906CV,OpenStreetMap via Overpass API,OSM tags: amenity=hospital OR healthcare=hospital; use as emergency-care proxy unless later replaced by official SEH list,,node,2787590369,hospital,hospital,child_psychiatry,Youz,+31 88 358 87 77,https://youz.nl/w/capelle-aan-den-ijssel-lupinestraat,,
osm:node:2973288086,hospital_emergency_proxy,De Waterpoort,51.8816116,5.5190735,"Beatrixstraat 20, 6658EK, Beneden-Leeuwen",Beneden-Leeuwen,6658EK,OpenStreetMap via Overpass API,OSM tags: amenity=hospital OR healthcare=hospital; use as emergency-care proxy unless later replaced by official SEH list,,node,2973288086,hospital,hospital,general,Ziekenhuis Rivierenland,,,,
osm:way:750688257,hospital_emergency_proxy,Deventer Ziekenhuis,52.2613123,6.1916563,"Nico Bolkesteinlaan 75, 7416SE, Deventer",Deventer,7416SE,OpenStreetMap via Overpass API,OSM tags: amenity=hospital OR healthcare=hospital; use as emergency-care proxy unless later replaced by official SEH list,,way,750688257,hospital,hospital,,,+31 570 535 353,https://www.dz.nl/,,
osm:way:1064956643,hospital_emergency_proxy,Diakonessenhuis,52.0816147,5.1384681,,,,OpenStreetMap via Overpass API,OSM tags: amenity=hospital OR healthcare=hospital; use as emergency-care proxy unless later replaced by official SEH list,,way,1064956643,hospital,hospital,,,,https://www.diakonessenhuis.nl/,,
osm:node:243319545,hospital_emergency_proxy,Diakonessenhuis,52.0912706,5.2621521,"Jagersingel 1, 3707HL, Zeist",Zeist,3707HL,OpenStreetMap via Overpass API,OSM tags: amenity=hospital OR healthcare=hospital; use as emergency-care proxy unless later replaced by official SEH list,,node,243319545,hospital,hospital,general,,,,,
osm:node:5870528285,hospital_emergency_proxy,Dialyse afd. Radboud UMC,51.8226963,5.8611281,"René Descartesdreef 7, 6525GL, Nijmegen",Nijmegen,6525GL,OpenStreetMap via Overpass API,OSM tags: amenity=hospital OR healthcare=hospital; use as emergency-care proxy unless later replaced by official SEH list,,node,5870528285,hospital,hospital,,,+31 24 361 3767,https://www.radboudumc.nl/,,
osm:way:1233179271,hospital_emergency_proxy,Dijklander Ziekenhuis,52.6478591,5.0540186,"Maelsonstraat 3, 1624NP, Hoorn",Hoorn,1624NP,OpenStreetMap via Overpass API,OSM tags: amenity=hospital OR healthcare=hospital; use as emergency-care proxy unless later replaced by official SEH list,,way,1233179271,hospital,hospital,general;surgery;emergency;intensive,Dijklander Ziekenhuis,+31 229 257 257,https://www.dijklander.nl/,,
osm:way:1208732662,hospital_emergency_proxy,Dijklander Ziekenhuis,52.5003157,4.9621083,"Waterlandlaan 250, 1441RN, Purmerend",Purmerend,1441RN,OpenStreetMap via Overpass API,OSM tags: amenity=hospital OR healthcare=hospital; use as emergency-care proxy unless later replaced by official SEH list,,way,1208732662,hospital,hospital,,Dijklander Ziekenhuis,+31 299 457 457,https://www.dijklander.nl/,,
osm:way:454408600,hospital_emergency_proxy,Dr. Horacio Oduber Hospital,12.5425038,-70.0586024,Dr Horacio Oduber Boulevard 1,,,OpenStreetMap via Overpass API,OSM tags: amenity=hospital OR healthcare=hospital; use as emergency-care proxy unless later replaced by official SEH list,,way,454408600,hospital,hospital,,,+297 527 4000,https://www.arubahospital.com/,,
osm:relation:18378890,hospital_emergency_proxy,ETZ Elisabeth Ziekenhuis,51.5402248,5.1044823,,,,OpenStreetMap via Overpass API,OSM tags: amenity=hospital OR healthcare=hospital; use as emergency-care proxy unless later replaced by official SEH list,,relation,18378890,hospital,,,,+31 13 221 0000,https://www.etz.nl,,
osm:node:13355014701,hospital_emergency_proxy,ETZ TweeSteden ziekenhuis,51.5772446,5.0598371,"Dr. Deelenlaan 5, 5042AD, Tilburg",Tilburg,5042AD,OpenStreetMap via Overpass API,OSM tags: amenity=hospital OR healthcare=hospital; use as emergency-care proxy unless later replaced by official SEH list,,node,13355014701,hospital,hospital,,,,https://www.etz.nl/,,
osm:way:750692679,hospital_emergency_proxy,ETZ TweeSteden ziekenhuis,51.5775151,5.0597832,"Dr. Deelenlaan 5, 5042AD, Tilburg",Tilburg,5042AD,OpenStreetMap via Overpass API,OSM tags: amenity=hospital OR healthcare=hospital; use as emergency-care proxy unless later replaced by official SEH list,,way,750692679,hospital,hospital,,,,https://www.etz.nl,,
osm:node:13668570600,hospital_emergency_proxy,Eerste Hart-long hulp,52.6277477,4.7336814,,,,OpenStreetMap via Overpass API,OSM tags: amenity=hospital OR healthcare=hospital; use as emergency-care proxy unless later replaced by official SEH list,,node,13668570600,hospital,hospital,,,,,,
osm:node:5000957380,hospital_emergency_proxy,Elkerliek Ziekenhuis,51.4682183,5.7904601,"Dunantweg 16, 5751CB, Deurne",Deurne,5751CB,OpenStreetMap via Overpass API,OSM tags: amenity=hospital OR healthcare=hospital; use as emergency-care proxy unless later replaced by official SEH list,,node,5000957380,hospital,hospital,,,+31 493 328 888,https://www.elkerliek.nl,,
osm:node:70940028,hospital_emergency_proxy,Elkerliek Ziekenhuis,51.4818128,5.6424049,"Wesselmanlaan 25, 5707HA, Helmond",Helmond,5707HA,OpenStreetMap via Overpass API,OSM tags: amenity=hospital OR healthcare=hospital; use as emergency-care proxy unless later replaced by official SEH list,,node,70940028,hospital,hospital,,,+31 492 595 555,https://www.elkerliek.nl,,
osm:node:2610255765,hospital_emergency_proxy,Erasmus MC,51.9109324,4.4680514,"Dokter Molewaterplein 40, 3015GD, Rotterdam",Rotterdam,3015GD,OpenStreetMap via Overpass API,OSM tags: amenity=hospital OR healthcare=hospital; use as emergency-care proxy unless later replaced by official SEH list,,node,2610255765,,hospital,,,,,,
osm:node:1599898060,hospital_emergency_proxy,Erasmus MC - Sophia,51.9120141,4.4699946,,,,OpenStreetMap via Overpass API,OSM tags: amenity=hospital OR healthcare=hospital; use as emergency-care proxy unless later replaced by official SEH list,,node,1599898060,hospital,hospital,,,,,,
osm:way:404317973,hospital_emergency_proxy,Erasmus Medisch Centrum,51.911287,4.4681099,,,,OpenStreetMap via Overpass API,OSM tags: amenity=hospital OR healthcare=hospital; use as emergency-care proxy unless later replaced by official SEH list,,way,404317973,hospital,hospital,,,+31 10 704 0704,https://www.erasmusmc.nl/,,
osm:node:3213336708,hospital_emergency_proxy,FKA (Fundashon Kuido di Ambulans),12.1135577,-68.9552258,Piscaderaweg 49,,,OpenStreetMap via Overpass API,OSM tags: amenity=hospital OR healthcare=hospital; use as emergency-care proxy unless later replaced by official SEH list,,node,3213336708,hospital,hospital,,Ambulancezorg,,,,
osm:way:660699519,hospital_emergency_proxy,Flevoziekenhuis,52.3691123,5.2234343,,,,OpenStreetMap via Overpass API,OSM tags: amenity=hospital OR healthcare=hospital; use as emergency-care proxy unless later replaced by official SEH list,,way,660699519,hospital,hospital,,,,https://www.flevoziekenhuis.nl,,
osm:way:750694495,hospital_emergency_proxy,Franciscus Gasthuis,51.9418705,4.4636766,,,,OpenStreetMap via Overpass API,OSM tags: amenity=hospital OR healthcare=hospital; use as emergency-care proxy unless later replaced by official SEH list,,way,750694495,hospital,hospital,,,,https://www.franciscus.nl/,,
osm:node:12136143674,hospital_emergency_proxy,Franciscus Maassluis,51.9304045,4.2425499,,,,OpenStreetMap via Overpass API,OSM tags: amenity=hospital OR healthcare=hospital; use as emergency-care proxy unless later replaced by official SEH list,,node,12136143674,hospital,,,Franciscus,,https://www.franciscus.nl/,,
osm:way:1064956642,hospital_emergency_proxy,Franciscus Vlietland,51.9223074,4.3802914,"Vlietlandplein 2, 3118JH, Schiedam",Schiedam,3118JH,OpenStreetMap via Overpass API,OSM tags: amenity=hospital OR healthcare=hospital; use as emergency-care proxy unless later replaced by official SEH list,,way,1064956642,hospital,hospital,,,,https://www.franciscus.nl/,,
osm:way:991333180,hospital_emergency_proxy,Frisius Medisch Centrum Harlingen,53.1621423,5.4301144,,,,OpenStreetMap via Overpass API,OSM tags: amenity=hospital OR healthcare=hospital; use as emergency-care proxy unless later replaced by official SEH list,,way,991333180,hospital,hospital,,,,https://www.mcl.nl/contact/mcl-harlingen,,
osm:way:1282905830,hospital_emergency_proxy,Frisius Medisch Centrum Heerenveen,52.9660061,5.9175949,"Thialfweg 44, 8441PW, Heerenveen",Heerenveen,8441PW,OpenStreetMap via Overpass API,OSM tags: amenity=hospital OR healthcare=hospital; use as emergency-care proxy unless later replaced by official SEH list,,way,1282905830,hospital,hospital,,,,https://www.tjongerschans.nl/,,
osm:way:585340828,hospital_emergency_proxy,Frisius Medisch Centrum Leeuwarden,53.1889707,5.8045599,,,,OpenStreetMap via Overpass API,OSM tags: amenity=hospital OR healthcare=hospital; use as emergency-care proxy unless later replaced by official SEH list,,way,585340828,hospital,hospital,,,+31 58 286 6666,https://www.mcl.nl/,,
osm:way:366767483,hospital_emergency_proxy,Fundashon Mariadal,12.1538406,-68.2746977,"Kaya Soeur Bartola, Kralendijk",Kralendijk,,OpenStreetMap via Overpass API,OSM tags: amenity=hospital OR healthcare=hospital; use as emergency-care proxy unless later replaced by official SEH list,,way,366767483,hospital,hospital,,,,https://www.fundashonmariadal.com/,,
osm:way:138423359,hospital_emergency_proxy,GGD Haaglanden,52.075294,4.3015067,"Westeinde 128, 2512HE, 's-Gravenhage",'s-Gravenhage,2512HE,OpenStreetMap via Overpass API,OSM tags: amenity=hospital OR healthcare=hospital; use as emergency-care proxy unless later replaced by official SEH list,,way,138423359,hospital,hospital,,,,https://www.denhaag.nl/ggd/,,
osm:way:32545413,hospital_emergency_proxy,GGZ Delfland,52.0230078,4.3614136,,,,OpenStreetMap via Overpass API,OSM tags: amenity=hospital OR healthcare=hospital; use as emergency-care proxy unless later replaced by official SEH list,,way,32545413,hospital,hospital,,,,,,
osm:way:694035557,hospital_emergency_proxy,GGZ Rivierduinen,52.171977,4.4597155,,,,OpenStreetMap via Overpass API,OSM tags: amenity=hospital OR healthcare=hospital; use as emergency-care proxy unless later replaced by official SEH list,,way,694035557,hospital,hospital,,,,,,
osm:way:694035558,hospital_emergency_proxy,GGZ Rivierduinen,52.1750763,4.4673076,,,,OpenStreetMap via Overpass API,OSM tags: amenity=hospital OR healthcare=hospital; use as emergency-care proxy unless later replaced by official SEH list,,way,694035558,hospital,hospital,,,,,,
osm:node:9084170794,hospital_emergency_proxy,Gelre Diagnostisch Centrum,52.2113314,5.933973,"John F. Kennedylaan 32, 7314PS, Apeldoorn",Apeldoorn,7314PS,OpenStreetMap via Overpass API,OSM tags: amenity=hospital OR healthcare=hospital; use as emergency-care proxy unless later replaced by official SEH list,,node,9084170794,hospital,hospital,diagnostics,,,https://www.gelreziekenhuizen.nl/patient/afdelingen/diagnostisch-centrum/,,
osm:way:559427289,hospital_emergency_proxy,Gelre Zutphen,52.1230667,6.2175382,,,,OpenStreetMap via Overpass API,OSM tags: amenity=hospital OR healthcare=hospital; use as emergency-care proxy unless later replaced by official SEH list,,way,559427289,hospital,hospital,,,,https://www.gelreziekenhuizen.nl/home/,,
osm:way:750698656,hospital_emergency_proxy,Gelre ziekenhuizen,52.1812395,5.9471608,"Albert Schweitzerlaan 31, 7334DZ, Apeldoorn",Apeldoorn,7334DZ,OpenStreetMap via Overpass API,OSM tags: amenity=hospital OR healthcare=hospital; use as emergency-care proxy unless later replaced by official SEH list,,way,750698656,hospital,hospital,,Gelre Ziekenhuizen,+31 55 581 8181,https://www.gelreziekenhuizen.nl/Gelreziekenhuizen,,
osm:way:1319973416,hospital_emergency_proxy,Gezondheidscentrum De Grote Beek,51.4680743,5.4417108,,,,OpenStreetMap via Overpass API,OSM tags: amenity=hospital OR healthcare=hospital; use as emergency-care proxy unless later replaced by official SEH list,,way,1319973416,hospital,hospital,psychiatry,GGzE,,https://www.ggze.nl/teams/gezondheidscentrum-de-grote-beek,,
osm:node:5155337374,hospital_emergency_proxy,Groene Hart Ziekenhuis,52.0880478,4.7487232,"Willem de Zwijgerstraat 9c, 2411VT, Bodegraven",Bodegraven,2411VT,OpenStreetMap via Overpass API,OSM tags: amenity=hospital OR healthcare=hospital; use as emergency-care proxy unless later replaced by official SEH list,,node,5155337374,hospital,hospital,,,,https://www.ghz.nl/bodegraven,,
osm:way:1066808911,hospital_emergency_proxy,Groene Hart Ziekenhuis,52.0218405,4.7059108,"Bleulandweg 10, 2803HH, Gouda",Gouda,2803HH,OpenStreetMap via Overpass API,OSM tags: amenity=hospital OR healthcare=hospital; use as emergency-care proxy unless later replaced by official SEH list,,way,1066808911,hospital,hospital,general,,,https://www.ghz.nl/,,
osm:way:1299806696,hospital_emergency_proxy,HMC Antoniushove,52.093071,4.3836918,"Burgemeester Banninglaan 1, 2262BA, Leidschendam",Leidschendam,2262BA,OpenStreetMap via Overpass API,OSM tags: amenity=hospital OR healthcare=hospital; use as emergency-care proxy unless later replaced by official SEH list,,way,1299806696,hospital,hospital,,Haaglanden Medisch Centrum,+31 88 979 79 00,https://www.haaglandenmc.nl/antoniushove/,,
osm:node:12254048395,hospital_emergency_proxy,HMC Bronovo,52.1015891,4.3180829,"Bronovolaan 5, 2597AX, 's-Gravenhage",'s-Gravenhage,2597AX,OpenStreetMap via Overpass API,OSM tags: amenity=hospital OR healthcare=hospital; use as emergency-care proxy unless later replaced by official SEH list,,node,12254048395,hospital,hospital,,Haaglanden Medisch Centrum,+31 88 979 79 00,https://www.haaglandenmc.nl/bronovo/,,
osm:node:2724262973,hospital_emergency_proxy,HMC Westeinde,52.0740015,4.2997871,"Lijnbaan 32, 2512VA, 's-Gravenhage",'s-Gravenhage,2512VA,OpenStreetMap via Overpass API,OSM tags: amenity=hospital OR healthcare=hospital; use as emergency-care proxy unless later replaced by official SEH list,,node,2724262973,hospital,hospital,,Haaglanden Medisch Centrum,+31 88 979 79 00,https://www.haaglandenmc.nl/westeinde/,,
osm:node:7197108613,hospital_emergency_proxy,HagaZiekenhuis Juliana Kinderziekenhuis,52.0551394,4.2640317,"Els Borst-Eilersplein 275, 2545AA, 's-Gravenhage",'s-Gravenhage,2545AA,OpenStreetMap via Overpass API,OSM tags: amenity=hospital OR healthcare=hospital; use as emergency-care proxy unless later replaced by official SEH list,,node,7197108613,hospital,hospital,,,+31 70 2100000,https://www.julianakinderziekenhuis.nl/home/,,
osm:node:3439388393,hospital_emergency_proxy,HagaZiekenhuis Zoetermeer,52.0688894,4.4995963,"Toneellaan 1, 2725NA, Zoetermeer",Zoetermeer,2725NA,OpenStreetMap via Overpass API,OSM tags: amenity=hospital OR healthcare=hospital; use as emergency-care proxy unless later replaced by official SEH list,,node,3439388393,hospital,hospital,,,,https://www.hagaziekenhuis.nl/locaties/zoetermeer/,,
osm:way:750704582,hospital_emergency_proxy,HagaZiekenhuis locatie Leyweg,52.055525,4.2633686,,,,OpenStreetMap via Overpass API,OSM tags: amenity=hospital OR healthcare=hospital; use as emergency-care proxy unless later replaced by official SEH list,,way,750704582,hospital,hospital,,,+31 70 210 0000,https://www.hagaziekenhuis.nl/locaties/Leyweg/,,
osm:way:372836723,hospital_emergency_proxy,Hearing Aid Screening,12.1005245,-68.9167993,"Velpstraat 3, Willemstad",Willemstad,,OpenStreetMap via Overpass API,OSM tags: amenity=hospital OR healthcare=hospital; use as emergency-care proxy unless later replaced by official SEH list,,way,372836723,hospital,hospital,,,,,,
osm:node:391850516,hospital_emergency_proxy,Heliomare,52.4973555,4.5936049,"Relweg 51, 1949EC, Wijk aan Zee",Wijk aan Zee,1949EC,OpenStreetMap via Overpass API,OSM tags: amenity=hospital OR healthcare=hospital; use as emergency-care proxy unless later replaced by official SEH list,,node,391850516,hospital,hospital,physiatrie,,,,,
osm:node:2610213651,hospital_emergency_proxy,Het Ooghuis,51.9157861,4.4801515,"Schiedamse Vest 160, 3011BH, Rotterdam",Rotterdam,3011BH,OpenStreetMap via Overpass API,OSM tags: amenity=hospital OR healthcare=hospital; use as emergency-care proxy unless later replaced by official SEH list,,node,2610213651,hospital,hospital,,,,,,
osm:node:2610218009,hospital_emergency_proxy,Het Oogziekenhuis,51.9150315,4.4800328,"Schiedamse Vest 180, 3011BH, Rotterdam",Rotterdam,3011BH,OpenStreetMap via Overpass API,OSM tags: amenity=hospital OR healthcare=hospital; use as emergency-care proxy unless later replaced by official SEH list,,node,2610218009,hospital,hospital,,,,https://www.oogziekenhuis.nl/,,
osm:node:9057065297,hospital_emergency_proxy,Hospice,52.2649485,6.7640758,"P.C. Borstlaan 123, 7555SL, Hengelo",Hengelo,7555SL,OpenStreetMap via Overpass API,OSM tags: amenity=hospital OR healthcare=hospital; use as emergency-care proxy unless later replaced by official SEH list,,node,9057065297,hospital,hospital,hospice,TriviumMeulenbeltZorg,,,,
osm:way:660950332,hospital_emergency_proxy,IJsselland Ziekenhuis,51.9387246,4.5627986,,,,OpenStreetMap via Overpass API,OSM tags: amenity=hospital OR healthcare=hospital; use as emergency-care proxy unless later replaced by official SEH list,,way,660950332,,hospital,,,,,,
osm:node:4383774829,hospital_emergency_proxy,IJsselland Ziekenhuis,51.9386642,4.5626815,"Prins Constantijnweg 2, 2906ZC, Capelle aan den IJssel",Capelle aan den IJssel,2906ZC,OpenStreetMap via Overpass API,OSM tags: amenity=hospital OR healthcare=hospital; use as emergency-care proxy unless later replaced by official SEH list,,node,4383774829,hospital,hospital,,,,https://www.ysl.nl/,,
osm:way:382344981,hospital_emergency_proxy,IMSAN Dr. Rudy Engelbrecht Medical Center,12.4393969,-69.915925,,,,OpenStreetMap via Overpass API,OSM tags: amenity=hospital OR healthcare=hospital; use as emergency-care proxy unless later replaced by official SEH list,,way,382344981,hospital,hospital,,,,,,
osm:way:548981716,hospital_emergency_proxy,Ikazia Ziekenhuis,51.8860021,4.4935804,,,,OpenStreetMap via Overpass API,OSM tags: amenity=hospital OR healthcare=hospital; use as emergency-care proxy unless later replaced by official SEH list,,way,548981716,hospital,hospital,,,,https://www.ikazia.nl/,,
osm:node:13337175280,hospital_emergency_proxy,Ingang CBK,51.8133591,5.8815298,,,,OpenStreetMap via Overpass API,OSM tags: amenity=hospital OR healthcare=hospital; use as emergency-care proxy unless later replaced by official SEH list,,node,13337175280,,hospital,,Pro Persona,,,,
osm:way:1218862507,hospital_emergency_proxy,Ipse de Bruggen - SGLVG+,51.8467456,4.3868006,"Kijvelandsekade 1, 3172AB, Poortugaal",Poortugaal,3172AB,OpenStreetMap via Overpass API,OSM tags: amenity=hospital OR healthcare=hospital; use as emergency-care proxy unless later replaced by official SEH list,,way,1218862507,hospital,,,,,https://www.ipsedebruggen.nl/middenweg-sglvg,,
osm:way:52587917,hospital_emergency_proxy,Isala,52.5124366,6.1241579,"Dokter van Heesweg 2, 8025AB, Zwolle",Zwolle,8025AB,OpenStreetMap via Overpass API,OSM tags: amenity=hospital OR healthcare=hospital; use as emergency-care proxy unless later replaced by official SEH list,,way,52587917,hospital,hospital,,,+31 88 624 5000,https://www.isala.nl/contact-en-locaties/isala-zwolle/,,
osm:way:1064956644,hospital_emergency_proxy,Isala Meppel,52.6903095,6.2130998,"Reggersweg 2, 7943KC, Meppel",Meppel,7943KC,OpenStreetMap via Overpass API,OSM tags: amenity=hospital OR healthcare=hospital; use as emergency-care proxy unless later replaced by official SEH list,,way,1064956644,hospital,hospital,,,,https://www.isala.nl/,,
osm:way:751012327,hospital_emergency_proxy,Jeroen Bosch Ziekenhuis,51.6851328,5.2761141,,,,OpenStreetMap via Overpass API,OSM tags: amenity=hospital OR healthcare=hospital; use as emergency-care proxy unless later replaced by official SEH list,,way,751012327,hospital,hospital,,,,https://jbz.nl,,
osm:node:243671531,hospital_emergency_proxy,"Jeroen Bosch, locatie Liduina",51.5940047,5.3209513,,,,OpenStreetMap via Overpass API,OSM tags: amenity=hospital OR healthcare=hospital; use as emergency-care proxy unless later replaced by official SEH list,,node,243671531,hospital,,,,,,,
osm:node:2842146436,hospital_emergency_proxy,Kliniek Somatische zorg en Ouderenpsychiatrie Zuidlaren,53.0872466,6.6718947,"E 61, 9471KE, Zuidlaren",Zuidlaren,9471KE,OpenStreetMap via Overpass API,OSM tags: amenity=hospital OR healthcare=hospital; use as emergency-care proxy unless later replaced by official SEH list,,node,2842146436,hospital,hospital,psychiatry,Lentis,,https://www.lentis.nl/locaties/kliniek-ouderenpsychiatrie-zuidlaren/,,
osm:way:37388187,hospital_emergency_proxy,LUMC Curium,52.1726652,4.4568082,,,,OpenStreetMap via Overpass API,OSM tags: amenity=hospital OR healthcare=hospital; use as emergency-care proxy unless later replaced by official SEH list,,way,37388187,hospital,hospital,,,,,,
osm:way:1218882004,hospital_emergency_proxy,Langdurige Forensisch Psychiatrische Zorg Zeeland,51.6826882,5.659114,"Brand 75, 5411RW, Zeeland",Zeeland,5411RW,OpenStreetMap via Overpass API,OSM tags: amenity=hospital OR healthcare=hospital; use as emergency-care proxy unless later replaced by official SEH list,,way,1218882004,hospital,,psychiatry,pompestichting,,https://www.pompestichting.nl/Behandeling/Langdurige-Forensisch-Psychiatrische-Zorg/,,
osm:way:971189737,hospital_emergency_proxy,Laurentius Ziekenhuis,51.1917488,6.0002361,"Monseigneur Driessenstraat 6, 6043CV, Roermond",Roermond,6043CV,OpenStreetMap via Overpass API,OSM tags: amenity=hospital OR healthcare=hospital; use as emergency-care proxy unless later replaced by official SEH list,,way,971189737,hospital,hospital,,,,https://www.laurentiusziekenhuisroermond.nl,,
osm:way:151233702,hospital_emergency_proxy,Leids Universitair Medisch Centrum,52.1662122,4.4772586,,,,OpenStreetMap via Overpass API,OSM tags: amenity=hospital OR healthcare=hospital; use as emergency-care proxy unless later replaced by official SEH list,,way,151233702,hospital,hospital,,Universiteit Leiden,+31 71 526 9111,https://www.lumc.nl,,
osm:way:692413472,hospital_emergency_proxy,Lentis Zuidlaren,53.0840828,6.6745745,,,,OpenStreetMap via Overpass API,OSM tags: amenity=hospital OR healthcare=hospital; use as emergency-care proxy unless later replaced by official SEH list,,way,692413472,hospital,hospital,psychiatry,,,,,
osm:way:272173016,hospital_emergency_proxy,Liduina,51.2870213,4.0507778,,,,OpenStreetMap via Overpass API,OSM tags: amenity=hospital OR healthcare=hospital; use as emergency-care proxy unless later replaced by official SEH list,,way,272173016,hospital,hospital,,ZorgSaam Zorggroep Zeeuws-Vlaanderen,+31 114 373 000,https://www.zorgsaam.org/ziekenhuis/service-contact/contact-route,,
osm:node:9054206280,hospital_emergency_proxy,Liesbreukcentrum Nederland,52.0915111,5.2625673,"Professor Lorentzlaan 76, 3707HL, Zeist",Zeist,3707HL,OpenStreetMap via Overpass API,OSM tags: amenity=hospital OR healthcare=hospital; use as emergency-care proxy unless later replaced by official SEH list,,node,9054206280,hospital,hospital,,,,,,
osm:way:1185458642,hospital_emergency_proxy,MST Oldenzaal,52.3081344,6.9310132,,,,OpenStreetMap via Overpass API,OSM tags: amenity=hospital OR healthcare=hospital; use as emergency-care proxy unless later replaced by official SEH list,,way,1185458642,hospital,hospital,,,,,,
osm:way:666953046,hospital_emergency_proxy,Maasstad Ziekenhuis,51.8794823,4.5354446,"Maasstadweg 21, 3079DZ, Rotterdam",Rotterdam,3079DZ,OpenStreetMap via Overpass API,OSM tags: amenity=hospital OR healthcare=hospital; use as emergency-care proxy unless later replaced by official SEH list,,way,666953046,hospital,hospital,,,+31 10 2911911,https://www.maasstadziekenhuis.nl,,
osm:way:745654427,hospital_emergency_proxy,Maastricht UMC+,50.8345979,5.7127878,"P Debyelaan 25, 6229HX, Maastricht",Maastricht,6229HX,OpenStreetMap via Overpass API,OSM tags: amenity=hospital OR healthcare=hospital; use as emergency-care proxy unless later replaced by official SEH list,,way,745654427,hospital,hospital,,,+31 43 387 6543,https://www.mumc.nl/,,
osm:node:2759426666,hospital_emergency_proxy,Maasziekenhuis Pantein,51.6635586,5.9403546,"Dokter Kopstraat 1, 5835DV, Beugen",Beugen,5835DV,OpenStreetMap via Overpass API,OSM tags: amenity=hospital OR healthcare=hospital; use as emergency-care proxy unless later replaced by official SEH list,,node,2759426666,hospital,hospital,,,+31 485 845 000,https://www.maasziekenhuispantein.nl/,,
osm:way:369929969,hospital_emergency_proxy,Make Me Smile Dentist,12.1126269,-68.945521,"Kraayenhofstraat, Willemstad",Willemstad,,OpenStreetMap via Overpass API,OSM tags: amenity=hospital OR healthcare=hospital; use as emergency-care proxy unless later replaced by official SEH list,,way,369929969,hospital,hospital,,,,,,
osm:way:447968948,hospital_emergency_proxy,Martini Ziekenhuis,53.1916389,6.5510832,"Van Swietenplein 1, 9728NT, Groningen",Groningen,9728NT,OpenStreetMap via Overpass API,OSM tags: amenity=hospital OR healthcare=hospital; use as emergency-care proxy unless later replaced by official SEH list,,way,447968948,hospital,hospital,,,+31 50 524 5245,https://www.martiniziekenhuis.nl/,,
osm:way:750733938,hospital_emergency_proxy,Meander Medisch Centrum Amersfoort,52.1711022,5.3692444,"Maatweg 3, 3828NK, Amersfoort",Amersfoort,3828NK,OpenStreetMap via Overpass API,OSM tags: amenity=hospital OR healthcare=hospital; use as emergency-care proxy unless later replaced by official SEH list,,way,750733938,hospital,hospital,,MMC,,https://www.meandermc.nl/home/,,
osm:node:495216888,hospital_emergency_proxy,Meander Medisch Centrum Baarn,52.2146645,5.2768616,"Molenweg 2, 3743CM, Baarn",Baarn,3743CM,OpenStreetMap via Overpass API,OSM tags: amenity=hospital OR healthcare=hospital; use as emergency-care proxy unless later replaced by official SEH list,,node,495216888,hospital,hospital,,,+31 33 850 5050,https://www.meandermc.nl/contact/contactgegevens-en-locaties/baarn/,,
osm:way:445796853,hospital_emergency_proxy,Medisch Spectrum Twente,52.2159404,6.8918776,,,,OpenStreetMap via Overpass API,OSM tags: amenity=hospital OR healthcare=hospital; use as emergency-care proxy unless later replaced by official SEH list,,way,445796853,hospital,hospital,,,+31 53 487 2000,https://www.mst.nl/,,
osm:node:13668581819,hospital_emergency_proxy,Medische Psychiatrie,52.6281651,4.7345415,,,,OpenStreetMap via Overpass API,OSM tags: amenity=hospital OR healthcare=hospital; use as emergency-care proxy unless later replaced by official SEH list,,node,13668581819,hospital,hospital,,,,,,
osm:node:5040243923,hospital_emergency_proxy,Medish Centrum Maastricht Annadal,50.8482578,5.6687388,"Becanusstraat 17, 6216BX, Maastricht",Maastricht,6216BX,OpenStreetMap via Overpass API,OSM tags: amenity=hospital OR healthcare=hospital; use as emergency-care proxy unless later replaced by official SEH list,,node,5040243923,hospital,hospital,,,+31 43 387 5000,https://www.mumc.nl/patienten-en-bezoekers/uw-polikliniek-bezoeken/medisch-centrum-annadal,,
osm:node:4990833539,hospital_emergency_proxy,Mental Health Foundation,18.0316756,-63.066605,Leopard Road 3-1,,,OpenStreetMap via Overpass API,OSM tags: amenity=hospital OR healthcare=hospital; use as emergency-care proxy unless later replaced by official SEH list,,node,4990833539,hospital,hospital,,,,,,
osm:way:868689668,hospital_emergency_proxy,Máxima Medisch Centrum,51.4057368,5.4196351,"De Run 4600, 5504DB, Veldhoven",Veldhoven,5504DB,OpenStreetMap via Overpass API,OSM tags: amenity=hospital OR healthcare=hospital; use as emergency-care proxy unless later replaced by official SEH list,,way,868689668,hospital,hospital,,,+31 40 888 8000,https://www.mmc.nl,,
osm:way:271733819,hospital_emergency_proxy,Máxima Medisch Centrum Eindhoven,51.4545516,5.4877291,"Ds Theodor Fliednerstraat 1, 5631BM, Eindhoven",Eindhoven,5631BM,OpenStreetMap via Overpass API,OSM tags: amenity=hospital OR healthcare=hospital; use as emergency-care proxy unless later replaced by official SEH list,,way,271733819,hospital,hospital,,,,,,
osm:way:336433952,hospital_emergency_proxy,Nij Smellinghe,53.0997251,6.111692,,,,OpenStreetMap via Overpass API,OSM tags: amenity=hospital OR healthcare=hospital; use as emergency-care proxy unless later replaced by official SEH list,,way,336433952,hospital,hospital,,,,,,
osm:node:936545461,hospital_emergency_proxy,Noordwest Ziekenhuisgroep,52.6691587,4.8229305,"Stationsplein 49, 1703WD, Heerhugowaard",Heerhugowaard,1703WD,OpenStreetMap via Overpass API,OSM tags: amenity=hospital OR healthcare=hospital; use as emergency-care proxy unless later replaced by official SEH list,,node,936545461,hospital,hospital,,,+31 72 548 2020,https://www.nwz.nl/Contact#Stel-uw-vraag,,
osm:way:1073411909,hospital_emergency_proxy,Noordwest Ziekenhuisgroep Den Helder,52.9579934,4.7445656,"Huisduinerweg 3, 1782GZ, Den Helder",Den Helder,1782GZ,OpenStreetMap via Overpass API,OSM tags: amenity=hospital OR healthcare=hospital; use as emergency-care proxy unless later replaced by official SEH list,,way,1073411909,hospital,hospital,,,,https://www.nwz.nl/Locaties/Den-Helder,,
osm:way:340050321,hospital_emergency_proxy,Noordwest Ziekenhuisgroep locatie Alkmaar,52.62823,4.736094,"Wilhelminalaan 131, 1815HM, Alkmaar",Alkmaar,1815HM,OpenStreetMap via Overpass API,OSM tags: amenity=hospital OR healthcare=hospital; use as emergency-care proxy unless later replaced by official SEH list,,way,340050321,hospital,hospital,,,,,,
osm:node:2722209230,hospital_emergency_proxy,OLVG Spuistraat,52.3709953,4.8893865,"Spuistraat 239A, 1012VP, Amsterdam",Amsterdam,1012VP,OpenStreetMap via Overpass API,OSM tags: amenity=hospital OR healthcare=hospital; use as emergency-care proxy unless later replaced by official SEH list,,node,2722209230,,hospital,cardiology;dermatology;gynaecology;internal;otolaryngology;neurology;ophthalmology;sports_medicine,,+31 20 599 4100,https://www.olvg.nl/locaties/olvg-locatie-spuistraat/,,
osm:way:750745530,hospital_emergency_proxy,OLVG West,52.3710107,4.839731,"Jan Tooropstraat 164, 1061AE, Amsterdam",Amsterdam,1061AE,OpenStreetMap via Overpass API,OSM tags: amenity=hospital OR healthcare=hospital; use as emergency-care proxy unless later replaced by official SEH list,,way,750745530,hospital,hospital,,,,https://www.olvg.nl/,,
osm:way:26989989,hospital_emergency_proxy,"OLVG, locatie Oost",52.3581509,4.915322,,,,OpenStreetMap via Overpass API,OSM tags: amenity=hospital OR healthcare=hospital; use as emergency-care proxy unless later replaced by official SEH list,,way,26989989,hospital,hospital,maternity,Onze Lieve Vrouwe Gasthuis (OLVG),,https://www.olvg.nl/,,
osm:way:96036440,hospital_emergency_proxy,Ommelander Ziekenhuis Groningen,53.1834244,6.9591074,"Pastorieweg 1, 9679BJ, Scheemda",Scheemda,9679BJ,OpenStreetMap via Overpass API,OSM tags: amenity=hospital OR healthcare=hospital; use as emergency-care proxy unless later replaced by official SEH list,,way,96036440,hospital,hospital,,,,https://www.ommelanderziekenhuis.nl/home/,,
osm:way:39440761,hospital_emergency_proxy,Parnassia,52.0433996,4.2096475,,,,OpenStreetMap via Overpass API,OSM tags: amenity=hospital OR healthcare=hospital; use as emergency-care proxy unless later replaced by official SEH list,,way,39440761,hospital,hospital,psychiatry,,,,,
osm:node:671690479,hospital_emergency_proxy,Parnassia psycho-medisch centrum,52.0453777,4.2095193,,,,OpenStreetMap via Overpass API,OSM tags: amenity=hospital OR healthcare=hospital; use as emergency-care proxy unless later replaced by official SEH list,,node,671690479,hospital,hospital,,,,,,
osm:way:242482909,hospital_emergency_proxy,Parnassia psycho-medisch centrum,52.0606965,4.2506414,,,,OpenStreetMap via Overpass API,OSM tags: amenity=hospital OR healthcare=hospital; use as emergency-care proxy unless later replaced by official SEH list,,way,242482909,hospital,hospital,,,,,,
osm:way:373216055,hospital_emergency_proxy,Plexus Medical Center,12.0958669,-68.9076883,"Rotterdamweg, Willemstad",Willemstad,,OpenStreetMap via Overpass API,OSM tags: amenity=hospital OR healthcare=hospital; use as emergency-care proxy unless later replaced by official SEH list,,way,373216055,hospital,hospital,,,+599 9 461 7790,,,
osm:way:1219283022,hospital_emergency_proxy,Pluryn Zeist,52.0968699,5.2583796,,,,OpenStreetMap via Overpass API,OSM tags: amenity=hospital OR healthcare=hospital; use as emergency-care proxy unless later replaced by official SEH list,,way,1219283022,hospital,hospital,mental,Pluryn,,,,
osm:node:5224121189,hospital_emergency_proxy,Polikliniek,52.2004232,4.7534296,,,,OpenStreetMap via Overpass API,OSM tags: amenity=hospital OR healthcare=hospital; use as emergency-care proxy unless later replaced by official SEH list,,node,5224121189,hospital,hospital,,,,,,
osm:node:2732483288,hospital_emergency_proxy,Polikliniek,52.5516159,5.9193338,"Engelenbergplantsoen 7, 8266AB, Kampen",Kampen,8266AB,OpenStreetMap via Overpass API,OSM tags: amenity=hospital OR healthcare=hospital; use as emergency-care proxy unless later replaced by official SEH list,,node,2732483288,hospital,hospital,,,,,,
osm:node:2974864013,hospital_emergency_proxy,Polikliniek CWZ Druten,51.8878989,5.614965,"Kerkeland 3, 6651KN, Druten",Druten,6651KN,OpenStreetMap via Overpass API,OSM tags: amenity=hospital OR healthcare=hospital; use as emergency-care proxy unless later replaced by official SEH list,,node,2974864013,hospital,hospital,dialysis,Sateon Ziekenhuizen,,,,
osm:node:3802538438,hospital_emergency_proxy,Polikliniek CWZ de Waalsprong,51.8819906,5.8453079,"Carbatinastraat 3, 6515GM, Nijmegen",Nijmegen,6515GM,OpenStreetMap via Overpass API,OSM tags: amenity=hospital OR healthcare=hospital; use as emergency-care proxy unless later replaced by official SEH list,,node,3802538438,hospital,hospital,,CWZ,,,,
osm:node:2747741656,hospital_emergency_proxy,Polikliniek Jeroen Bosch Ziekenhuis,51.7136447,5.3703338,"De Hoef 90, 5242CN, Rosmalen",Rosmalen,5242CN,OpenStreetMap via Overpass API,OSM tags: amenity=hospital OR healthcare=hospital; use as emergency-care proxy unless later replaced by official SEH list,,node,2747741656,hospital,hospital,,,,,,
osm:node:2804749340,hospital_emergency_proxy,Polikliniek Kralingen,51.9247844,4.5156421,"Oudedijk 15, 3062AB, Rotterdam",Rotterdam,3062AB,OpenStreetMap via Overpass API,OSM tags: amenity=hospital OR healthcare=hospital; use as emergency-care proxy unless later replaced by official SEH list,,node,2804749340,hospital,,,IJsselland Ziekenhuis,,https://www.ysl.nl/kralingen,,
osm:relation:5918380,hospital_emergency_proxy,Prinses Máxima Centrum Utrecht,52.0901828,5.1837279,,,,OpenStreetMap via Overpass API,OSM tags: amenity=hospital OR healthcare=hospital; use as emergency-care proxy unless later replaced by official SEH list,,relation,5918380,hospital,hospital,,,,https://prinsesmaximacentrum.nl/,,
osm:node:4323987190,hospital_emergency_proxy,Pro Persona GGZ,51.9977338,5.9115298,,,,OpenStreetMap via Overpass API,OSM tags: amenity=hospital OR healthcare=hospital; use as emergency-care proxy unless later replaced by official SEH list,,node,4323987190,hospital,hospital,,,,,,
osm:way:95690334,hospital_emergency_proxy,PsyQ,52.0741924,4.2987107,,,,OpenStreetMap via Overpass API,OSM tags: amenity=hospital OR healthcare=hospital; use as emergency-care proxy unless later replaced by official SEH list,,way,95690334,hospital,hospital,psychiatry,,,https://www.psyq.nl/,,
osm:node:5225404521,hospital_emergency_proxy,Queen Beatrix Medical Centre,17.4823439,-62.9819959,"H.M. Queen Beatrixroad 25, Oranjestad",Oranjestad,,OpenStreetMap via Overpass API,OSM tags: amenity=hospital OR healthcare=hospital; use as emergency-care proxy unless later replaced by official SEH list,,node,5225404521,hospital,hospital,,,+599 318 2211,,,
osm:way:1066814482,hospital_emergency_proxy,Radboud Universitair Medisch Centrum,51.8229649,5.8622849,"Geert Grooteplein Zuid 10, 6525GA, Nijmegen",Nijmegen,6525GA,OpenStreetMap via Overpass API,OSM tags: amenity=hospital OR healthcare=hospital; use as emergency-care proxy unless later replaced by official SEH list,,way,1066814482,hospital,hospital,,,+31 24 361 1111,https://www.radboudumc.nl,,
osm:node:2721181326,hospital_emergency_proxy,Radiotherapiegroep,52.00138,5.9081681,"Wagnerlaan 47, 6815AD, Arnhem",Arnhem,6815AD,OpenStreetMap via Overpass API,OSM tags: amenity=hospital OR healthcare=hospital; use as emergency-care proxy unless later replaced by official SEH list,,node,2721181326,hospital,hospital,radiotherapy,,,,,
osm:way:57863245,hospital_emergency_proxy,Reade (JBI),52.3706314,4.8444902,"Dr. Jan van Breemenstraat 2, 1056AB, Amsterdam",Amsterdam,1056AB,OpenStreetMap via Overpass API,OSM tags: amenity=hospital OR healthcare=hospital; use as emergency-care proxy unless later replaced by official SEH list,,way,57863245,hospital,,,,,https://reade.nl/,,
osm:way:430073054,hospital_emergency_proxy,Red Cross,17.4935824,-62.9867559,Weg leidende naar Under the Hill 2,,,OpenStreetMap via Overpass API,OSM tags: amenity=hospital OR healthcare=hospital; use as emergency-care proxy unless later replaced by official SEH list,,way,430073054,hospital,hospital,,Red Cross,,,,
osm:node:2874986712,hospital_emergency_proxy,Regionaal Medisch Centrum Blaricum,52.267705,5.2061113,"Rijksstraatweg 3, 1261AN, Blaricum",Blaricum,1261AN,OpenStreetMap via Overpass API,OSM tags: amenity=hospital OR healthcare=hospital; use as emergency-care proxy unless later replaced by official SEH list,,node,2874986712,hospital,hospital,cardiology;dermatology;gynaecology;neurology;otolaryngology,,+31 88 753 1753,https://www.tergooi.nl/contact/locatie-blaricum/,,
osm:way:373237133,hospital_emergency_proxy,Rehabilitations,12.1069704,-68.9089427,"Kaminda Saliña, Willemstad",Willemstad,,OpenStreetMap via Overpass API,OSM tags: amenity=hospital OR healthcare=hospital; use as emergency-care proxy unless later replaced by official SEH list,,way,373237133,hospital,hospital,,,,,,
osm:way:750873352,hospital_emergency_proxy,Reinier de Graaf Gasthuis,51.9972565,4.3371639,"Reinier de Graafweg 5, 2625AD, Delft",Delft,2625AD,OpenStreetMap via Overpass API,OSM tags: amenity=hospital OR healthcare=hospital; use as emergency-care proxy unless later replaced by official SEH list,,way,750873352,hospital,hospital,,,+31 15 260 3060,https://reinierdegraaf.nl,,
osm:node:337882856,hospital_emergency_proxy,Respaldo Dr Kingsale,12.5434181,-70.058194,,,,OpenStreetMap via Overpass API,OSM tags: amenity=hospital OR healthcare=hospital; use as emergency-care proxy unless later replaced by official SEH list,,node,337882856,hospital,hospital,,,,,,
osm:way:750751237,hospital_emergency_proxy,Rijnstate Arnhem,52.0004002,5.9095791,"Wagnerlaan 55, 6815AG, Arnhem",Arnhem,6815AG,OpenStreetMap via Overpass API,OSM tags: amenity=hospital OR healthcare=hospital; use as emergency-care proxy unless later replaced by official SEH list,,way,750751237,hospital,hospital,,,+31 88 055 8888,https://www.rijnstate.nl/,,
osm:way:1362550255,hospital_emergency_proxy,Rijnstate Elst,51.9171893,5.8564508,,,,OpenStreetMap via Overpass API,OSM tags: amenity=hospital OR healthcare=hospital; use as emergency-care proxy unless later replaced by official SEH list,,way,1362550255,hospital,hospital,,,,https://www.rijnstate.nl/elst,,
osm:way:750754140,hospital_emergency_proxy,Rijnstate Ziekenhuis Zevenaar,51.9425469,6.0701997,"Hunneveldweg 14A, 6903ZN, Zevenaar",Zevenaar,6903ZN,OpenStreetMap via Overpass API,OSM tags: amenity=hospital OR healthcare=hospital; use as emergency-care proxy unless later replaced by official SEH list,,way,750754140,hospital,hospital,,,+31 88 055 8887,https://www.rijnstate.nl/contact/adressen-en-bereikbaarheid/rijnstate-zevenaar/,,
osm:way:52415420,hospital_emergency_proxy,Rode Kruis Ziekenhuis,52.4793194,4.6508183,,,,OpenStreetMap via Overpass API,OSM tags: amenity=hospital OR healthcare=hospital; use as emergency-care proxy unless later replaced by official SEH list,,way,52415420,hospital,hospital,,,,,,
osm:node:13317433553,hospital_emergency_proxy,"Rode Kruis Ziekenhuis, Buitenpolikliniek Heemskerk",52.5189991,4.6760573,"Mozartstraat 201, 1962AL, Heemskerk",Heemskerk,1962AL,OpenStreetMap via Overpass API,OSM tags: amenity=hospital OR healthcare=hospital; use as emergency-care proxy unless later replaced by official SEH list,,node,13317433553,hospital,hospital,,,+31 251 265 555,https://www.rkz.nl/,,
osm:way:628544354,hospital_emergency_proxy,Saxenburgh Medisch Centrum,52.5721448,6.6325555,,,,OpenStreetMap via Overpass API,OSM tags: amenity=hospital OR healthcare=hospital; use as emergency-care proxy unless later replaced by official SEH list,,way,628544354,hospital,hospital,,Saxenburgh Groep,+31 523 276 000,https://www.saxenburgh.nl/ziekenhuis/228/ropcke-zweers-ziekenhuis,,
osm:way:682496173,hospital_emergency_proxy,Scheper Ziekenhuis,52.7859076,6.9132515,"Boermarkeweg, Emmen",Emmen,,OpenStreetMap via Overpass API,OSM tags: amenity=hospital OR healthcare=hospital; use as emergency-care proxy unless later replaced by official SEH list,,way,682496173,hospital,hospital,,,+31 591 691 911,https://www.treant.nl/ziekenhuiszorg/ziekenhuislocaties/scheper-ziekenhuis,,
osm:way:1299806697,hospital_emergency_proxy,Sint Antonius Woerden,52.0795551,4.8912354,"Polanerbaan 2, 3447GN, Woerden",Woerden,3447GN,OpenStreetMap via Overpass API,OSM tags: amenity=hospital OR healthcare=hospital; use as emergency-care proxy unless later replaced by official SEH list,,way,1299806697,hospital,hospital,,,,,,
osm:way:660704251,hospital_emergency_proxy,Sint Antonius Ziekenhuis Nieuwegein,52.0251901,5.0816627,"Koekoekslaan 1, 3430EM, Nieuwegein",Nieuwegein,3430EM,OpenStreetMap via Overpass API,OSM tags: amenity=hospital OR healthcare=hospital; use as emergency-care proxy unless later replaced by official SEH list,,way,660704251,hospital,hospital,,Sint Antonius,+31 88 320 3000,https://www.antoniusziekenhuis.nl/locaties/ziekenhuis-nieuwegein,,
osm:way:622739060,hospital_emergency_proxy,Sint Antonius Ziekenhuis Utrecht,52.1032211,5.0576653,,,,OpenStreetMap via Overpass API,OSM tags: amenity=hospital OR healthcare=hospital; use as emergency-care proxy unless later replaced by official SEH list,,way,622739060,hospital,hospital,,,+31 88 320 3000,https://www.antoniusziekenhuis.nl/locaties/ziekenhuis-utrecht,,
osm:node:1885940730,hospital_emergency_proxy,Sint Jans Gasthuis,51.2546458,5.7132511,"Vogelsbleek 5, 6001BE, Weert",Weert,6001BE,OpenStreetMap via Overpass API,OSM tags: amenity=hospital OR healthcare=hospital; use as emergency-care proxy unless later replaced by official SEH list,,node,1885940730,hospital,hospital,,,,https://sjgweert.nl/,,
osm:way:1065942235,hospital_emergency_proxy,Sint Jansdal,52.3423401,5.6165443,,,,OpenStreetMap via Overpass API,OSM tags: amenity=hospital OR healthcare=hospital; use as emergency-care proxy unless later replaced by official SEH list,,way,1065942235,hospital,hospital,,,,https://www.stjansdal.nl/locaties/ziekenhuis-st-jansdal-harderwijk,,
osm:relation:10372197,hospital_emergency_proxy,Sint Maarten Medical Center | SMMC,18.0265104,-63.0661956,,,,OpenStreetMap via Overpass API,OSM tags: amenity=hospital OR healthcare=hospital; use as emergency-care proxy unless later replaced by official SEH list,,relation,10372197,hospital,,,,,,,
osm:node:12046391071,hospital_emergency_proxy,Sint Maartenskliniek Nijmegen,51.8335599,5.8995536,,,,OpenStreetMap via Overpass API,OSM tags: amenity=hospital OR healthcare=hospital; use as emergency-care proxy unless later replaced by official SEH list,,node,12046391071,hospital,hospital,,Sint Maartenskliniek,,https://www.maartenskliniek.nl/,,
osm:way:1065952247,hospital_emergency_proxy,Slingeland Ziekenhuis,51.976078,6.2851991,"Kruisbergseweg 25, 7009BL, Doetinchem",Doetinchem,7009BL,OpenStreetMap via Overpass API,OSM tags: amenity=hospital OR healthcare=hospital; use as emergency-care proxy unless later replaced by official SEH list,,way,1065952247,hospital,hospital,,,,https://www.slingeland.nl/,,
osm:node:2669934328,hospital_emergency_proxy,Slingeland Ziekenhuis Locatie Gezellenlaan,51.9543817,6.3012531,"Gezellenlaan 10, 7005AZ, Doetinchem",Doetinchem,7005AZ,OpenStreetMap via Overpass API,OSM tags: amenity=hospital OR healthcare=hospital; use as emergency-care proxy unless later replaced by official SEH list,,node,2669934328,hospital,hospital,,,,https://dermatologie.slingeland.nl/kenniscentrum/,,
osm:way:189346308,hospital_emergency_proxy,Spaarne Gasthuis Haarlem-Noord,52.4225378,4.6505914,"Vondelweg 999, 2026BW, Haarlem",Haarlem,2026BW,OpenStreetMap via Overpass API,OSM tags: amenity=hospital OR healthcare=hospital; use as emergency-care proxy unless later replaced by official SEH list,,way,189346308,hospital,hospital,,,,https://spaarnegasthuis.nl/locatie/haarlem-noord,,
osm:way:122547925,hospital_emergency_proxy,Spaarne Gasthuis Hoofddorp,52.3239971,4.6534264,,,,OpenStreetMap via Overpass API,OSM tags: amenity=hospital OR healthcare=hospital; use as emergency-care proxy unless later replaced by official SEH list,,way,122547925,hospital,hospital,,,+31 23 224 0000,https://spaarnegasthuis.nl/locatie/hoofddorp,,
osm:way:122547923,hospital_emergency_proxy,Spaarne Gasthuis Zuid,52.3662484,4.6514514,"Boerhaavelaan 22, 2035RC, Haarlem",Haarlem,2035RC,OpenStreetMap via Overpass API,OSM tags: amenity=hospital OR healthcare=hospital; use as emergency-care proxy unless later replaced by official SEH list,,way,122547923,hospital,hospital,,Spaarne Ziekenhuis,+31 23 224 0000,https://spaarnegasthuis.nl/,,
osm:way:1065947131,hospital_emergency_proxy,Spijkenisse Medisch Centrum,51.8464685,4.3379614,"Ruwaard van Puttenweg 500, 3201GZ, Spijkenisse",Spijkenisse,3201GZ,OpenStreetMap via Overpass API,OSM tags: amenity=hospital OR healthcare=hospital; use as emergency-care proxy unless later replaced by official SEH list,,way,1065947131,hospital,hospital,,,+31 181 658 888,https://www.spijkenissemc.nl/,,
osm:node:13690635862,hospital_emergency_proxy,Spoedeisende Hulp,52.6278314,4.7340878,,,,OpenStreetMap via Overpass API,OSM tags: amenity=hospital OR healthcare=hospital; use as emergency-care proxy unless later replaced by official SEH list,,node,13690635862,hospital,hospital,,,,,,
osm:node:7979961668,hospital_emergency_proxy,Spoedeisende hulp,51.4859014,4.3134829,,,,OpenStreetMap via Overpass API,OSM tags: amenity=hospital OR healthcare=hospital; use as emergency-care proxy unless later replaced by official SEH list,,node,7979961668,,hospital,,,,,,
osm:relation:3834671,hospital_emergency_proxy,St. Jansdal Polikliniek,52.50426,5.4769194,,,,OpenStreetMap via Overpass API,OSM tags: amenity=hospital OR healthcare=hospital; use as emergency-care proxy unless later replaced by official SEH list,,relation,3834671,hospital,hospital,,,,,,
osm:way:1282036195,hospital_emergency_proxy,Stadskliniek Utrecht,52.0953041,5.1348063,"Biltstraat 397-423, 3572AV, Utrecht",Utrecht,3572AV,OpenStreetMap via Overpass API,OSM tags: amenity=hospital OR healthcare=hospital; use as emergency-care proxy unless later replaced by official SEH list,,way,1282036195,hospital,,,,,http://www.stadskliniekutrecht.nl/,,
osm:node:2801555310,hospital_emergency_proxy,Streekziekenhuis Koningin Beatrix,51.9786141,6.7014269,"Beatrixpark 1, 7101BN, Winterswijk",Winterswijk,7101BN,OpenStreetMap via Overpass API,OSM tags: amenity=hospital OR healthcare=hospital; use as emergency-care proxy unless later replaced by official SEH list,,node,2801555310,hospital,hospital,,,,,,
osm:relation:3665736,hospital_emergency_proxy,Streekziekenhuis Koningin Beatrix,51.9784098,6.7003072,"Beatrixpark 1, 7101BN, Winterswijk",Winterswijk,7101BN,OpenStreetMap via Overpass API,OSM tags: amenity=hospital OR healthcare=hospital; use as emergency-care proxy unless later replaced by official SEH list,,relation,3665736,hospital,hospital,,,,,,
osm:node:648240523,hospital_emergency_proxy,Taams Advent Kliniek Damacor,12.1324551,-68.8975674,Warawaraweg 4,,,OpenStreetMap via Overpass API,OSM tags: amenity=hospital OR healthcare=hospital; use as emergency-care proxy unless later replaced by official SEH list,,node,648240523,hospital,hospital,,,+5999 7365466,,,
osm:node:4070382036,hospital_emergency_proxy,Tandartsenpraktijk Vathorst,52.196729,5.4189052,"Zijpenberg 4, 3825DM, Amersfoort",Amersfoort,3825DM,OpenStreetMap via Overpass API,OSM tags: amenity=hospital OR healthcare=hospital; use as emergency-care proxy unless later replaced by official SEH list,,node,4070382036,dentist,hospital,dentist;orthodontics,,,https://www.tandartsenpraktijkvathorst.nl/,,
osm:way:1326050497,hospital_emergency_proxy,Tergooi MC,52.215716,5.2015579,,,,OpenStreetMap via Overpass API,OSM tags: amenity=hospital OR healthcare=hospital; use as emergency-care proxy unless later replaced by official SEH list,,way,1326050497,hospital,hospital,,Tergooi MC,+31 88 753 1753,https://www.tergooi.nl/contact/locatie-hilversum/,,
osm:node:8518607207,hospital_emergency_proxy,Tergooi MC,52.2147001,5.2008018,"Laan van Tergooi 2, 1212VG, Hilversum",Hilversum,1212VG,OpenStreetMap via Overpass API,OSM tags: amenity=hospital OR healthcare=hospital; use as emergency-care proxy unless later replaced by official SEH list,,node,8518607207,hospital,hospital,,Tergooi MC,+31 88 753 1753,https://www.tergooi.nl/contact/locatie-hilversum/,,
osm:way:1066812180,hospital_emergency_proxy,Treant Refaja Ziekenhuis,53.0018931,6.9366391,"Boerhaavestraat 1, 9501HE, Stadskanaal",Stadskanaal,9501HE,OpenStreetMap via Overpass API,OSM tags: amenity=hospital OR healthcare=hospital; use as emergency-care proxy unless later replaced by official SEH list,,way,1066812180,hospital,hospital,,Treant Zorggroep,+31 88 129 2929,https://www.treant.nl/ziekenhuiszorg/ziekenhuislocaties/refaja-ziekenhuis,,
osm:node:2892326371,hospital_emergency_proxy,Tweesteden Ziekenhuis Waalwijk,51.6859904,5.0533357,"Kasteellaan 4, 5141BM, Waalwijk",Waalwijk,5141BM,OpenStreetMap via Overpass API,OSM tags: amenity=hospital OR healthcare=hospital; use as emergency-care proxy unless later replaced by official SEH list,,node,2892326371,hospital,hospital,,,,,,
osm:node:2791099655,hospital_emergency_proxy,U-center,50.7727742,5.8985542,"Julianastraat 23A, 6285AH, Epen",Epen,6285AH,OpenStreetMap via Overpass API,OSM tags: amenity=hospital OR healthcare=hospital; use as emergency-care proxy unless later replaced by official SEH list,,node,2791099655,hospital,hospital,,,,,,
osm:way:1311843462,hospital_emergency_proxy,UMCG-Beatrixoord,53.1825961,6.5987542,,,,OpenStreetMap via Overpass API,OSM tags: amenity=hospital OR healthcare=hospital; use as emergency-care proxy unless later replaced by official SEH list,,way,1311843462,hospital,hospital,,,,,,
osm:way:400026613,hospital_emergency_proxy,Universitair Medisch Centrum Groningen,53.2232531,6.5731545,"Hanzeplein 1, 9713GZ, Groningen",Groningen,9713GZ,OpenStreetMap via Overpass API,OSM tags: amenity=hospital OR healthcare=hospital; use as emergency-care proxy unless later replaced by official SEH list,,way,400026613,hospital,hospital,,,+31 50 361 6161,,,
osm:way:745644054,hospital_emergency_proxy,Universitair Medisch Centrum Utrecht,52.0869845,5.1802515,,,,OpenStreetMap via Overpass API,OSM tags: amenity=hospital OR healthcare=hospital; use as emergency-care proxy unless later replaced by official SEH list,,way,745644054,hospital,hospital,,,+31 88 755 5555,https://www.umcutrecht.nl/nl/,,
osm:node:2756476089,hospital_emergency_proxy,Van Weel-Bethesda Ziekenhuis,51.7501404,4.1020443,"Stationsweg 22, 3247BW, Dirksland",Dirksland,3247BW,OpenStreetMap via Overpass API,OSM tags: amenity=hospital OR healthcare=hospital; use as emergency-care proxy unless later replaced by official SEH list,,node,2756476089,hospital,hospital,,,,https://www.vanweelbethesda.nl/,,
osm:relation:3992717,hospital_emergency_proxy,Van der Hoeven Kliniek,52.1048782,5.1121221,,,,OpenStreetMap via Overpass API,OSM tags: amenity=hospital OR healthcare=hospital; use as emergency-care proxy unless later replaced by official SEH list,,relation,3992717,hospital,hospital,forensic_psychiatry,,,https://www.hoevenkliniek.nl,,
osm:node:13726951369,hospital_emergency_proxy,Van der Hoeven Kliniek,52.1042763,5.1111264,"Willem Dreeslaan 2, 3515GB, Utrecht",Utrecht,3515GB,OpenStreetMap via Overpass API,OSM tags: amenity=hospital OR healthcare=hospital; use as emergency-care proxy unless later replaced by official SEH list,,node,13726951369,hospital,hospital,forensic_psychiatry;hospital;tbs,Forensische Zorg Specialisten,,https://hoevenkliniek.nl/locaties/willem-dreeslaan/,,
osm:node:5897386132,hospital_emergency_proxy,Van der Hoeven Kliniek (De Wierde),52.1054922,5.1132559,"Oudlaan 7, 3515GA, Utrecht",Utrecht,3515GA,OpenStreetMap via Overpass API,OSM tags: amenity=hospital OR healthcare=hospital; use as emergency-care proxy unless later replaced by official SEH list,,node,5897386132,hospital,hospital,forensic_psychiatry;hospital;tbs,Forensische Zorg Specialisten,,https://hoevenkliniek.nl/locaties/oudlaan,,
osm:way:159494019,hospital_emergency_proxy,Veldwijk,52.3017723,5.6086976,,,,OpenStreetMap via Overpass API,OSM tags: amenity=hospital OR healthcare=hospital; use as emergency-care proxy unless later replaced by official SEH list,,way,159494019,hospital,,psychiatry,,,,,
osm:way:463013124,hospital_emergency_proxy,VieCuri,51.35745,6.1537485,,,,OpenStreetMap via Overpass API,OSM tags: amenity=hospital OR healthcare=hospital; use as emergency-care proxy unless later replaced by official SEH list,,way,463013124,hospital,hospital,,,,,,
osm:way:6318633,hospital_emergency_proxy,VieCuri Medisch Centrum locatie Venray,51.5275554,5.9599529,,,,OpenStreetMap via Overpass API,OSM tags: amenity=hospital OR healthcare=hospital; use as emergency-care proxy unless later replaced by official SEH list,,way,6318633,hospital,hospital,,,,,,
osm:node:3042024357,hospital_emergency_proxy,Wilhelmina Kinderziekenhuis (WKZ),52.0894645,5.1811818,"Lundlaan 6, 3584EA, Utrecht",Utrecht,3584EA,OpenStreetMap via Overpass API,OSM tags: amenity=hospital OR healthcare=hospital; use as emergency-care proxy unless later replaced by official SEH list,,node,3042024357,hospital,hospital,,,+31 88 755 5555,https://www.hetwkz.nl/nl/,,
osm:relation:3633459,hospital_emergency_proxy,Wilhelmina Ziekenhuis,52.9837423,6.5647959,,,,OpenStreetMap via Overpass API,OSM tags: amenity=hospital OR healthcare=hospital; use as emergency-care proxy unless later replaced by official SEH list,,relation,3633459,hospital,hospital,,,,,,
osm:way:368524649,hospital_emergency_proxy,Windward Island Emergency Medical Services,18.0300234,-63.0661377,"Welegen Road, Phillipsburg",Phillipsburg,,OpenStreetMap via Overpass API,OSM tags: amenity=hospital OR healthcare=hospital; use as emergency-care proxy unless later replaced by official SEH list,,way,368524649,hospital,,,,,,,
osm:node:656208042,hospital_emergency_proxy,ZGT Almelo,52.337155,6.6408034,"Zilvermeeuw 1, 7609PP, Almelo",Almelo,7609PP,OpenStreetMap via Overpass API,OSM tags: amenity=hospital OR healthcare=hospital; use as emergency-care proxy unless later replaced by official SEH list,,node,656208042,hospital,hospital,,,+31 88 708 7878,https://www.zgt.nl/patienten-en-bezoekers/zgt-locaties-contactgegevens/ziekenhuislocatie-almelo/,,
osm:node:663083281,hospital_emergency_proxy,ZGT Hengelo,52.263175,6.770632,,,,OpenStreetMap via Overpass API,OSM tags: amenity=hospital OR healthcare=hospital; use as emergency-care proxy unless later replaced by official SEH list,,node,663083281,hospital,hospital,,Ziekenhuisgroep Twente,,,,
osm:node:2895408123,hospital_emergency_proxy,Zaans Medisch Centrum,52.4533015,4.8256885,"Koningin Julianaplein 58, 1502DV, Zaandam",Zaandam,1502DV,OpenStreetMap via Overpass API,OSM tags: amenity=hospital OR healthcare=hospital; use as emergency-care proxy unless later replaced by official SEH list,,node,2895408123,hospital,hospital,,,+31 75 650 2911,https://www.zaansmedischcentrum.nl/,,
osm:way:673001166,hospital_emergency_proxy,Ziekenhuis Amstelland,52.2939938,4.8740027,"Laan van de Helende Meesters 8, 1186AM, Amstelveen",Amstelveen,1186AM,OpenStreetMap via Overpass API,OSM tags: amenity=hospital OR healthcare=hospital; use as emergency-care proxy unless later replaced by official SEH list,,way,673001166,hospital,hospital,,,,https://www.ziekenhuisamstelland.nl/,,
osm:way:1064956645,hospital_emergency_proxy,Ziekenhuis Bethesda,52.7271644,6.4608595,,,,OpenStreetMap via Overpass API,OSM tags: amenity=hospital OR healthcare=hospital; use as emergency-care proxy unless later replaced by official SEH list,,way,1064956645,hospital,hospital,,,,https://www.treant.nl/ziekenhuiszorg/ziekenhuislocaties/ziekenhuis-bethesda,,
osm:way:973087311,hospital_emergency_proxy,Ziekenhuis Gelderse Vallei,52.0220318,5.6455246,"Willy Brandtlaan 10, 6716RP, Ede",Ede,6716RP,OpenStreetMap via Overpass API,OSM tags: amenity=hospital OR healthcare=hospital; use as emergency-care proxy unless later replaced by official SEH list,,way,973087311,hospital,hospital,,,+31 318 433 700,https://www.geldersevallei.nl/,,
osm:way:660693635,hospital_emergency_proxy,Ziekenhuis Rivierenland,51.8900366,5.4152151,"President Kennedylaan 1, 4002WP, Tiel",Tiel,4002WP,OpenStreetMap via Overpass API,OSM tags: amenity=hospital OR healthcare=hospital; use as emergency-care proxy unless later replaced by official SEH list,,way,660693635,hospital,hospital,,,,https://www.ziekenhuisrivierenland.nl/,,
osm:node:4727513818,hospital_emergency_proxy,Zorgcentrum Martinus,51.2547568,5.710275,"Vogelsbleek 1, 6001BE, Weert",Weert,6001BE,OpenStreetMap via Overpass API,OSM tags: amenity=hospital OR healthcare=hospital; use as emergency-care proxy unless later replaced by official SEH list,,node,4727513818,hospital,hospital,,Land van Horne,,,,
osm:way:278893968,hospital_emergency_proxy,Zuyderland,50.9839481,5.8420954,,,,OpenStreetMap via Overpass API,OSM tags: amenity=hospital OR healthcare=hospital; use as emergency-care proxy unless later replaced by official SEH list,,way,278893968,hospital,hospital,,,,,,
osm:way:391076196,hospital_emergency_proxy,Zuyderland,50.8702694,5.9763214,,,,OpenStreetMap via Overpass API,OSM tags: amenity=hospital OR healthcare=hospital; use as emergency-care proxy unless later replaced by official SEH list,,way,391076196,hospital,hospital,,,,https://www.zuyderland.nl/,,
