facility_id,layer,name,hospital,parent_entity,urgency_type,latitude,longitude,address,city,postcode,region,phone,email,parish,n_valencias,valencias,source,source_dataset,source_url
sns_urgency:2,hospital_emergency_official,SUB Alcácer do Sal,SUB Alcácer do Sal,"Hospital do Litoral Alentejano - Santiago do Cacém - ULS Litoral Alentejano, E.P.E.",Serviço de Urgência Básica,38.376337,-8.510121,"Av. José Saramago, 14",Alcácer do Sal,7580-206,ARS Alentejo,269818101.0,csalcacer@alentejolitoral.min-saude.pt,União das freguesias de Alcácer do Sal (Santa Maria do Castelo e Santiago) e Santa Susana,2,Urgência Adultos | Urgência Crianças e Adolescentes,SNS Transparência,caracterizacao-das-valencias-de-urgencia,https://transparencia.sns.gov.pt/explore/dataset/caracterizacao-das-valencias-de-urgencia/
sns_urgency:89,hospital_emergency_official,Urgência do Hospital de Portimão,H. José Joaquim Fernandes - Beja | H. Pediátrico de Coimbra | H. Portimão | H. Vila Franca Xira,"Centro Hospitalar Universitário do Algarve, E.P.E. | Centro Hospitalar e Universitário de Coimbra, E.P.E. | Hospital José Joaquim Fernandes - Beja - ULS Baixo Alentejo, E.P.E. | Hospital Vila Franca de Xira, E.P.E.",Serviço de Urgência Médico-cirúrgico | Serviço de Urgência Polivalente,37.155629,-8.539478,Rua Dr. António Fernando Covas Lima,Beja,7801-849,ARS Alentejo,284310200.0,ca@ulsba.min-saude.pt,União das freguesias de Beja (Santiago Maior e São João Baptista),13,Anestesiologia | Bloco Operatório | Cirurgia Geral | Imunohemoterapia | Medicina Interna | Obstetrícia | Ortopedia | Patologia Clínica | Pediatria | Sala de Observações com Camas - Adultos | Sala de Observações com Camas - Pediátrico | Urgência Adultos | Urgência Crianças e Adolescentes,SNS Transparência,caracterizacao-das-valencias-de-urgencia,https://transparencia.sns.gov.pt/explore/dataset/caracterizacao-das-valencias-de-urgencia/
sns_urgency:6,hospital_emergency_official,SUB Castro Verde,SUB Castro Verde,"Hospital José Joaquim Fernandes - Beja - ULS Baixo Alentejo, E.P.E.",Serviço de Urgência Básica,37.7041,-8.08336,"Av. General Humberto Delgado, Apartado 17",Castro Verde,7780-123,ARS Alentejo,286320140.0,subcvcasns@ulsba.min-saude.pt,União das freguesias de Castro Verde e Casével,2,Urgência Adultos | Urgência Crianças e Adolescentes,SNS Transparência,caracterizacao-das-valencias-de-urgencia,https://transparencia.sns.gov.pt/explore/dataset/caracterizacao-das-valencias-de-urgencia/
sns_urgency:17,hospital_emergency_official,SUB São Pedro do Sul,H. Santa Luzia Elvas | SUB São Pedro do Sul,"Grupo | Serviços de Urgência Básica | ARSC | Hospitais da ULS do Norte Alentejano, E.P.E.",Serviço de Urgência Básica,40.759719,-8.061475,Rua Mariana Martins - Apartado 242,Elvas,7350-954,ARS Alentejo,268637200.0,admin@ulsna.min-saude.pt,"Assunção, Ajuda, Salvador e Santo Ildefonso",3,Sala de Observações com Camas - Adultos | Urgência Adultos | Urgência Crianças e Adolescentes,SNS Transparência,caracterizacao-das-valencias-de-urgencia,https://transparencia.sns.gov.pt/explore/dataset/caracterizacao-das-valencias-de-urgencia/
sns_urgency:36,hospital_emergency_official,SUB do Hospital de Santa Luzia de Elvas,H. Santa Luzia - Viana Castelo | H. Santa Luzia Elvas,"Centro Hospitalar Alto Minho - ULS Alto Minho, E.P.E. | Hospitais da ULS do Norte Alentejano, E.P.E.",Serviço de Urgência Básica | Serviço de Urgência Médico-cirúrgico,38.875511,-7.163026,Rua Mariana Martins - Apartado 242,Elvas,7350-954,ARS Alentejo,268637200.0,admin@ulsna.min-saude.pt,"Assunção, Ajuda, Salvador e Santo Ildefonso",3,Sala de Observações com Camas - Adultos | Urgência Adultos | Urgência Crianças e Adolescentes,SNS Transparência,caracterizacao-das-valencias-de-urgencia,https://transparencia.sns.gov.pt/explore/dataset/caracterizacao-das-valencias-de-urgencia/
sns_urgency:8,hospital_emergency_official,SUB Estremoz,SUB Estremoz,Grupo | Serviços de Urgência Básica | ARSALE,Serviço de Urgência Básica,38.8454,-7.58347,Av. 9 de Abril,Estremoz,7100-500,ARS Alentejo,268337700.0,sub.estremoz@alentejocentral.min-saude.pt,União das freguesias de Estremoz (Santa Maria e Santo André),2,Urgência Adultos | Urgência Crianças e Adolescentes,SNS Transparência,caracterizacao-das-valencias-de-urgencia,https://transparencia.sns.gov.pt/explore/dataset/caracterizacao-das-valencias-de-urgencia/
sns_urgency:14,hospital_emergency_official,SUB Moura,SUB Moura,"Hospital José Joaquim Fernandes - Beja - ULS Baixo Alentejo, E.P.E.",Serviço de Urgência Básica,38.1376746,-7.4524621,Rua dos Açores s/n,Moura,7860-222,ARS Alentejo,285254900.0,csmoura@ulsba.min-saude.pt,União das freguesias de Moura (Santo Agostinho e São João Baptista) e Santo Amador,2,Urgência Adultos | Urgência Crianças e Adolescentes,SNS Transparência,caracterizacao-das-valencias-de-urgencia,https://transparencia.sns.gov.pt/explore/dataset/caracterizacao-das-valencias-de-urgencia/
sns_urgency:15,hospital_emergency_official,SUB Odemira,SUB Odemira,"Hospital do Litoral Alentejano - Santiago do Cacém - ULS Litoral Alentejano, E.P.E.",Serviço de Urgência Básica,37.601196,-8.644773,Vale Pêgas de Baixo,Odemira,7630-236,ARS Alentejo,283320130.0,ucspodemira@alentejolitoral.min-saude.pt,São Salvador e Santa Maria,2,Urgência Adultos | Urgência Crianças e Adolescentes,SNS Transparência,caracterizacao-das-valencias-de-urgencia,https://transparencia.sns.gov.pt/explore/dataset/caracterizacao-das-valencias-de-urgencia/
sns_urgency:16,hospital_emergency_official,SUB Ponte de Sor,SUB Ponte de Sor,"Hospitais da ULS do Norte Alentejano, E.P.E.",Serviço de Urgência Básica,39.1591,-8.26399,Passeio Garibaldino de Andrade nº 1,Ponte de Sor,7400-294,ARS Alentejo,242292000.0,geral.cs.pontedesor@ulsna.min-saude.pt,"União das freguesias de Ponte de Sor, Tramaga e Vale de Açor",2,Urgência Adultos | Urgência Crianças e Adolescentes,SNS Transparência,caracterizacao-das-valencias-de-urgencia,https://transparencia.sns.gov.pt/explore/dataset/caracterizacao-das-valencias-de-urgencia/
sns_urgency:57,hospital_emergency_official,Urgência do Hospital Doutor José Maria Grande - Portalegre,H. Doutor José Maria Grande - Portalegre | H. Espírito Santo - Évora | H. Faro | H. Horta | H. N. Sra. Rosário - Barreiro | H. Portimão,"Centro Hospitalar Barreiro Montijo, E.P.E. | Centro Hospitalar Universitário do Algarve, E.P.E. | Hospitais da ULS do Norte Alentejano, E.P.E. | Hospital Espírito Santo - Évora, E.P.E. | Hospital da Horta, EPER",Serviço de Urgência Médico-cirúrgico | Serviço de Urgência Polivalente,39.2999,-7.4267,Av. de Santo António,Portalegre,7300-853,ARS Alentejo,245301000.0,admin@ulsna.min-saude.pt,União das freguesias da Sé e São Lourenço,16,"Anestesiologia | Bloco Operatório | Cirurgia Geral | Imagiologia - RX convencional, ecografia e TC | Imunohemoterapia | Medicina Interna | Ortopedia | Patologia Clínica | Pediatria | Psiquiatria | Sala de Observações com Camas - Adultos | Sala de Observações com Camas - Pediátrico | Unidade de Cuidados Intensivos - Adultos | Unidade de Cuidados Intermédios - Neonatais | Urgência Adultos | Urgência Crianças e Adolescentes",SNS Transparência,caracterizacao-das-valencias-de-urgencia,https://transparencia.sns.gov.pt/explore/dataset/caracterizacao-das-valencias-de-urgencia/
sns_urgency:62,hospital_emergency_official,Urgência do Hospital Espírito Santo - Évora,H. Doutor José Maria Grande - Portalegre | H. Espírito Santo - Évora | H. Faro | H. Padre Américo - Vale Sousa | H. Pediátrico de Coimbra | H. Universidade Coimbra,"Centro Hospitalar Tâmega e Sousa, E.P.E. | Centro Hospitalar Universitário do Algarve, E.P.E. | Centro Hospitalar e Universitário de Coimbra, E.P.E. | Hospitais da ULS do Norte Alentejano, E.P.E. | Hospital Espírito Santo - Évora, E.P.E.",Serviço de Urgência Médico-cirúrgico | Serviço de Urgência Polivalente | Serviço de Urgência Polivalente com Centro de Trauma,38.568838,-7.903064,Largo Senhor da Pobreza,Évora,7000-811,ARS Alentejo,266740100.0,sec.ca@hevora.min-saude.pt,"União das freguesias de Évora (São Mamede, Sé, São Pedro e Santo Antão)",25,"Anestesiologia | Bloco Operatório | Cardiologia | Cardiologia de Intervenção | Cirurgia Geral | Cirurgia Pediátrica | Estomatologia | Gastroenterologia (com endoscopia) | Imagiologia - RX convencional, ecografia e TC | Imunohemoterapia | Medicina Interna | Nefrologia (diálise em situações agudas) | Ortopedia | Otorrinolaringologia | Patologia Clínica | Pediatria | Sala de Observações com Camas - Adultos | Sala de Observações com Camas - Pediátrico | Unidade de Cuidados Intensivos - Adultos | Unidade de Cuidados Intensivos - Neonatais | Unidade de Cuidados Intensivos - Queimados | Unidade de Cuidados Intermédios - Adultos | Urgência Adultos | Urgência Crianças e Adolescentes | Urologia",SNS Transparência,caracterizacao-das-valencias-de-urgencia,https://transparencia.sns.gov.pt/explore/dataset/caracterizacao-das-valencias-de-urgencia/
sns_urgency:66,hospital_emergency_official,Urgência do Hospital José Joaquim Fernandes - Beja,H. Doutor José Maria Grande - Portalegre | H. Espírito Santo - Évora | H. José Joaquim Fernandes - Beja | H. Pediátrico de Coimbra,"Centro Hospitalar e Universitário de Coimbra, E.P.E. | Hospitais da ULS do Norte Alentejano, E.P.E. | Hospital Espírito Santo - Évora, E.P.E. | Hospital José Joaquim Fernandes - Beja - ULS Baixo Alentejo, E.P.E.",Serviço de Urgência Médico-cirúrgico | Serviço de Urgência Polivalente,38.0146,-7.86863,Largo Senhor da Pobreza,Évora,7000-811,ARS Alentejo,266740100.0,sec.ca@hevora.min-saude.pt,"União das freguesias de Évora (São Mamede, Sé, São Pedro e Santo Antão)",15,"Anestesiologia | Bloco Operatório | Cardiologia Pediátrica | Cirurgia Geral | Imagiologia - RX convencional, ecografia e TC | Imunohemoterapia | Medicina Interna | Ortopedia | Patologia Clínica | Pediatria | Sala de Observações com Camas - Adultos | Sala de Observações com Camas - Pediátrico | Unidade de Cuidados Intensivos - Adultos | Urgência Adultos | Urgência Crianças e Adolescentes",SNS Transparência,caracterizacao-das-valencias-de-urgencia,https://transparencia.sns.gov.pt/explore/dataset/caracterizacao-das-valencias-de-urgencia/
sns_urgency:1,hospital_emergency_official,SUB Albufeira,SUB Albufeira,"Centro Hospitalar Universitário do Algarve, E.P.E.",Serviço de Urgência Básica,37.098,-8.255,Urbanização dos Caliços,Albufeira,8200-200,ARS Algarve,289598400.0,administracao@chalgarve.min-saude.pt,Albufeira e Olhos de Água,2,Urgência Adultos | Urgência Crianças e Adolescentes,SNS Transparência,caracterizacao-das-valencias-de-urgencia,https://transparencia.sns.gov.pt/explore/dataset/caracterizacao-das-valencias-de-urgencia/
sns_urgency:88,hospital_emergency_official,Urgência do Hospital de Faro,H. Espírito Santo - Évora | H. Faro | H. Portimão | H. São João - Porto | H. Universidade Coimbra | H. Vila Franca Xira | Matern. Dr. Alfredo Costa,"Centro Hospitalar Universitário de Lisboa Central, E.P.E. | Centro Hospitalar Universitário de São João, E.P.E. | Centro Hospitalar Universitário do Algarve, E.P.E. | Centro Hospitalar e Universitário de Coimbra, E.P.E. | Hospital Espírito Santo - Évora, E.P.E. | Hospital Vila Franca de Xira, E.P.E.",Serviço de Urgência Médico-cirúrgico | Serviço de Urgência Polivalente | Serviço de Urgência Polivalente com Centro de Trauma,37.024668,-7.928949,Rua Leão Penedo,Faro,8000-386,ARS Algarve,289891100.0,geral@chalgarve.min-saude.pt,União das freguesias de Faro (Sé e São Pedro),27,"Anestesiologia | Angiografia Digital e RMN | Bloco Operatório | Cardiologia | Cardiologia de Intervenção | Cirurgia Geral | Gastroenterologia (com endoscopia) | Imagiologia - RX convencional, ecografia e TC | Imunohemoterapia | Medicina Interna | Neurocirurgia | Obstetrícia | Ortopedia | Patologia Clínica | Pediatria | Pneumologia (com endoscopia) | Sala de Observações com Camas - Adultos | Sala de Observações com Camas - Pediátrico | Toxicologia | Unidade de Cuidados Intensivos - Adultos | Unidade de Cuidados Intensivos - Coronários | Unidade de Cuidados Intensivos - Pediátrica | Unidade de Cuidados Intensivos - Queimados | Unidade de Cuidados Intermédios - Adultos | Unidade de Cuidados Intermédios - Neonatais | Urgência Adultos | Urgência Crianças e Adolescentes",SNS Transparência,caracterizacao-das-valencias-de-urgencia,https://transparencia.sns.gov.pt/explore/dataset/caracterizacao-das-valencias-de-urgencia/
sns_urgency:34,hospital_emergency_official,SUB do Hospital de Lagos,H. Lagos,"Centro Hospitalar Universitário do Algarve, E.P.E.",Serviço de Urgência Básica,37.0996,-8.6702,Rua Castelo dos Governadores,Lagos,8600-563,ARS Algarve,282770700.0,administracao@hlagos.min-saude.pt,São Gonçalo de Lagos,2,Urgência Adultos | Urgência Crianças e Adolescentes,SNS Transparência,caracterizacao-das-valencias-de-urgencia,https://transparencia.sns.gov.pt/explore/dataset/caracterizacao-das-valencias-de-urgencia/
sns_urgency:9,hospital_emergency_official,SUB Loulé,SUB UC Loulé,"Centro Hospitalar Universitário do Algarve, E.P.E.",Serviço de Urgência Básica,37.1419486999512,-8.017458,Av. Eng. Laginha Serafim - Centro de Saúde de Loulé,Loulé,8100-740,ARS Algarve,289401000.0,pasuloule@chalgarve.min-saude.pt,Loulé (São Clemente),2,Urgência Adultos | Urgência Crianças e Adolescentes,SNS Transparência,caracterizacao-das-valencias-de-urgencia,https://transparencia.sns.gov.pt/explore/dataset/caracterizacao-das-valencias-de-urgencia/
sns_urgency:19,hospital_emergency_official,SUB Vila Real de Santo António,SUB Vila Real de Santo António,"Centro Hospitalar Universitário do Algarve, E.P.E.",Serviço de Urgência Básica,37.1909,-7.41762,Av. Ministro Duarte Pacheco,Vila Real de Santo António,8900-211,ARS Algarve,281530270.0,pasuvrsa@chalgarve.min-saude.pt,Vila Real de Santo António,2,Urgência Adultos | Urgência Crianças e Adolescentes,SNS Transparência,caracterizacao-das-valencias-de-urgencia,https://transparencia.sns.gov.pt/explore/dataset/caracterizacao-das-valencias-de-urgencia/
sns_urgency:24,hospital_emergency_official,SUB do Hospital Bernardino Lopes de Oliveira - Alcobaça,H. Bernardino Lopes Oliveira - Alcobaça | H. Doutor José Maria Grande - Portalegre,"Centro Hospitalar de Leiria, E.P.E. | Hospitais da ULS do Norte Alentejano, E.P.E.",Serviço de Urgência Básica | Serviço de Urgência Médico-cirúrgico,39.550603,-8.972319,Rua do Hospital - Apartado 70,Alcobaça,2460-051,ARS Centro,262590400.0,hablo@halcobaca.min-saude.pt,União das freguesias de Alcobaça e Vestiaria,3,Sala de Observações com Camas - Ginecologia e Obstetrícia | Urgência Adultos | Urgência Crianças e Adolescentes,SNS Transparência,caracterizacao-das-valencias-de-urgencia,https://transparencia.sns.gov.pt/explore/dataset/caracterizacao-das-valencias-de-urgencia/
sns_urgency:4,hospital_emergency_official,SUB Arganil,SUB Arganil | SUB Montalegre,Grupo | Serviços de Urgência Básica | ARSC | Grupo | Serviços de Urgência Básica | ARSN,Serviço de Urgência Básica,40.215874952,-8.0545480127,"Rua Professor José Lourenço Nogueira, s/n, r/c",Arganil,3300-063,ARS Centro,235200100.0,sub.arganil@arscentro.min-saude.pt,Arganil,3,Sala de Observações com Camas - Adultos | Urgência Adultos | Urgência Crianças e Adolescentes,SNS Transparência,caracterizacao-das-valencias-de-urgencia,https://transparencia.sns.gov.pt/explore/dataset/caracterizacao-das-valencias-de-urgencia/
sns_urgency:72,hospital_emergency_official,Urgência do Hospital Pêro da Covilhã,H. Infante D. Pedro - Aveiro | H. Pêro da Covilhã | H. Universidade Coimbra | U. H. Bragança,"Centro Hospitalar Universitário Cova da Beira, E.P.E. | Centro Hospitalar do Baixo Vouga, E.P.E. | Centro Hospitalar do Nordeste - ULS do Nordeste, E.P.E. | Centro Hospitalar e Universitário de Coimbra, E.P.E.",Serviço de Urgência Médico-cirúrgico | Serviço de Urgência Polivalente com Centro de Trauma,40.2776794433594,-7.510541,Av. Artur Ravara,Aveiro,3814-501,ARS Centro,234378300.0,sec-adm@chbv.min-saude.pt,União das freguesias de Glória e Vera Cruz,15,"Anestesiologia | Bloco Operatório | Cirurgia Geral | Imagiologia - RX convencional, ecografia e TC | Imunohemoterapia | Medicina Interna | Obstetrícia | Ortopedia | Patologia Clínica | Pediatria | Sala de Observações com Camas - Adultos | Sala de Observações com Camas - Pediátrico | Unidade de Cuidados Intensivos - Adultos | Urgência Adultos | Urgência Crianças e Adolescentes",SNS Transparência,caracterizacao-das-valencias-de-urgencia,https://transparencia.sns.gov.pt/explore/dataset/caracterizacao-das-valencias-de-urgencia/
sns_urgency:77,hospital_emergency_official,Urgência do Hospital São Bernardo - Setúbal,H. Infante D. Pedro - Aveiro | H. Litoral Alentejano - Santiago Cacém | H. N. Sra. Rosário - Barreiro | H. Portimão | H. S. Bernardo - Setúbal,"Centro Hospitalar Barreiro Montijo, E.P.E. | Centro Hospitalar Universitário do Algarve, E.P.E. | Centro Hospitalar de Setúbal, E.P.E. | Centro Hospitalar do Baixo Vouga, E.P.E. | Hospital do Litoral Alentejano - Santiago do Cacém - ULS Litoral Alentejano, E.P.E.",Serviço de Urgência Médico-cirúrgico,38.529351,-8.881073,Av. Artur Ravara,Aveiro,3814-501,ARS Centro,234378300.0,sec-adm@chbv.min-saude.pt,União das freguesias de Glória e Vera Cruz,16,"Anestesiologia | Bloco Operatório | Cirurgia Geral | Imagiologia - RX convencional, ecografia e TC | Imunohemoterapia | Medicina Interna | Obstetrícia | Ortopedia | Patologia Clínica | Pediatria | Sala de Observações com Camas - Adultos | Sala de Observações com Camas - Pediátrico | Unidade de Cuidados Intensivos - Adultos | Unidade de Cuidados Intermédios - Adultos | Urgência Adultos | Urgência Crianças e Adolescentes",SNS Transparência,caracterizacao-das-valencias-de-urgencia,https://transparencia.sns.gov.pt/explore/dataset/caracterizacao-das-valencias-de-urgencia/
sns_urgency:50,hospital_emergency_official,Urgência do Hospital Amato Lusitano - Castelo Branco,H. Amato Lusitano - Castelo Branco | H. Pêro da Covilhã | H. Sousa Martins - Guarda,"Centro Hospitalar Universitário Cova da Beira, E.P.E. | Hospitais da ULS da Guarda, E.P.E. | Hospital Amato Lusitano - ULS de Castelo Branco, E.P.E.",Serviço de Urgência Médico-cirúrgico,39.822737,-7.499876,Av. Pedro Álvares Cabral,Castelo Branco,6000-084,ARS Centro,272000272.0,geral@ulscb.min-saude.pt,Castelo Branco,15,"Anestesiologia | Bloco Operatório | Cirurgia Geral | Imagiologia - RX convencional, ecografia e TC | Imunohemoterapia | Medicina Interna | Obstetrícia | Ortopedia | Patologia Clínica | Pediatria | Sala de Observações com Camas - Adultos | Sala de Observações com Camas - Pediátrico | Unidade de Cuidados Intensivos - Adultos | Urgência Adultos | Urgência Crianças e Adolescentes",SNS Transparência,caracterizacao-das-valencias-de-urgencia,https://transparencia.sns.gov.pt/explore/dataset/caracterizacao-das-valencias-de-urgencia/
sns_urgency:31,hospital_emergency_official,SUB do Hospital São José - Fafe,Matern. Daniel Matos,"Centro Hospitalar e Universitário de Coimbra, E.P.E.",Serviço de Urgência Polivalente,41.449886,-8.168964,Rua Miguel Torga,Coimbra,3030-165,ARS Centro,239403060.0,paisebebes@huc.min-saude.pt,Santo António dos Olivais,2,Bloco Operatório | Obstetrícia,SNS Transparência,caracterizacao-das-valencias-de-urgencia,https://transparencia.sns.gov.pt/explore/dataset/caracterizacao-das-valencias-de-urgencia/
sns_urgency:64,hospital_emergency_official,Urgência do Hospital Geral de Coimbra,Centro Materno Infantil Norte | H. Eduardo Santos Silva - Gaia - Unidade I | H. Egas Moniz | H. Geral de Coimbra | Matern. Daniel Matos,"Centro Hospitalar Universitário de Santo António, E.P.E. | Centro Hospitalar de Lisboa Ocidental, E.P.E. | Centro Hospitalar de Vila Nova de Gaia/Espinho, E.P.E. | Centro Hospitalar e Universitário de Coimbra, E.P.E.",Serviço de Urgência Médico-cirúrgico | Serviço de Urgência Polivalente | Serviço de Urgência Polivalente com Centro de Trauma,40.195957,-8.459674,Quinta dos Vales,Coimbra,3046-853,ARS Centro,239800100.0,correio@chc.min-saude.pt,União das freguesias de São Martinho do Bispo e Ribeira de Frades,8,"Anestesiologia | Bloco Operatório | Cirurgia Geral | Imagiologia - RX convencional, ecografia e TC | Oftalmologia | Patologia Clínica | Sala de Observações com Camas - Adultos | Sala de Observações com Camas - Pediátrico",SNS Transparência,caracterizacao-das-valencias-de-urgencia,https://transparencia.sns.gov.pt/explore/dataset/caracterizacao-das-valencias-de-urgencia/
sns_urgency:69,hospital_emergency_official,Urgência do Hospital Pediátrico de Coimbra,H. Pediátrico de Coimbra | Matern. Bissaya Barreto | Matern. Dr. Alfredo Costa,"Centro Hospitalar Universitário de Lisboa Central, E.P.E. | Centro Hospitalar e Universitário de Coimbra, E.P.E.",Serviço de Urgência Polivalente,40.2212,-8.41741,Av. Afonso Romão,Coimbra,3000-602,ARS Centro,239488700.0,correio.hpc@chuc.min-saude.pt,Santo António dos Olivais,8,"Bloco Operatório | Imagiologia - RX convencional, ecografia e TC | Obstetrícia | Patologia Clínica | Pediatria | Sala de Observações com Camas - Pediátrico | Unidade de Cuidados Intensivos - Pediátrica | Urgência Crianças e Adolescentes",SNS Transparência,caracterizacao-das-valencias-de-urgencia,https://transparencia.sns.gov.pt/explore/dataset/caracterizacao-das-valencias-de-urgencia/
sns_urgency:94,hospital_emergency_official,Urgência dos Hospitais da Universidade de Coimbra,H. D. Figueira Foz | H. Santa Maria | H. Santo André - Leiria | H. Universidade Coimbra | U. H. São Pedro - Vila Real,"Centro Hospitalar Universitário de Lisboa Norte, E.P.E. | Centro Hospitalar de Leiria, E.P.E. | Centro Hospitalar de Trás-os-Montes e Alto Douro, E.P.E. | Centro Hospitalar e Universitário de Coimbra, E.P.E. | Hospital Distrital da Figueira da Foz, E.P.E.",Serviço de Urgência Médico-cirúrgico | Serviço de Urgência Polivalente com Centro de Trauma,40.217426,-8.410075,Av. Bissaya Barreto - Praceta Prof. Mota Pinto,Coimbra,3000-075,ARS Centro,239400400.0,casec@chuc.min-saude.pt,Santo António dos Olivais,26,"Anestesiologia | Angiografia Digital e RMN | Bloco Operatório | Cardiologia | Cardiologia de Intervenção | Cirurgia Cardiotorácica | Cirurgia Geral | Cirurgia Maxilofacial | Cirurgia Plástica e Reconstrutiva | Cirurgia Vascular | Gastroenterologia (com endoscopia) | Imagiologia - RX convencional, ecografia e TC | Imunohemoterapia | Medicina Interna | Neurocirurgia | Ortopedia | Patologia Clínica | Pneumologia (com endoscopia) | Radiologia de Intervenção | Sala de Observações com Camas - Adultos | Toxicologia | Unidade de Cuidados Intensivos - Adultos | Unidade de Cuidados Intensivos - Coronários | Unidade de Cuidados Intensivos - Queimados | Unidade de Cuidados Intermédios - Adultos | Urgência Adultos",SNS Transparência,caracterizacao-das-valencias-de-urgencia,https://transparencia.sns.gov.pt/explore/dataset/caracterizacao-das-valencias-de-urgencia/
sns_urgency:53,hospital_emergency_official,Urgência do Hospital Distrital da Figueira da Foz,H. D. Figueira Foz | H. Horta | H. Sousa Martins - Guarda,"Hospitais da ULS da Guarda, E.P.E. | Hospital Distrital da Figueira da Foz, E.P.E. | Hospital da Horta, EPER",Serviço de Urgência Médico-cirúrgico,40.130297609,-8.860696177,Gala - São Pedro,Figueira da Foz,3094-001,ARS Centro,233402000.0,hdff@hdfigueira.min-saude.pt,São Pedro,14,Anestesiologia | Bloco Operatório | Cirurgia Geral | Imagiologia - RX convencional | Imunohemoterapia | Medicina Interna | Ortopedia | Patologia Clínica | Pediatria | Sala de Observações com Camas - Adultos | Sala de Observações com Camas - Pediátrico | Unidade de Cuidados Intermédios - Adultos | Urgência Adultos | Urgência Crianças e Adolescentes,SNS Transparência,caracterizacao-das-valencias-de-urgencia,https://transparencia.sns.gov.pt/explore/dataset/caracterizacao-das-valencias-de-urgencia/
sns_urgency:76,hospital_emergency_official,Urgência do Hospital Sousa Martins - Guarda,H. D. Caldas Rainha | H. Horta | H. S. Teotónio - Viseu | H. Sousa Martins - Guarda | H. São José - Lisboa | H. São João - Porto | Matern. Dr. Alfredo Costa,"Centro Hospitalar Tondela-Viseu, E.P.E. | Centro Hospitalar Universitário de Lisboa Central, E.P.E. | Centro Hospitalar Universitário de São João, E.P.E. | Centro Hospitalar do Oeste, E.P.E. | Hospitais da ULS da Guarda, E.P.E. | Hospital da Horta, EPER",Serviço de Urgência Médico-cirúrgico | Serviço de Urgência Polivalente | Serviço de Urgência Polivalente com Centro de Trauma,40.5314,-7.27322,Av. Rainha Dona Amélia,Guarda,6300-858,ARS Centro,271210840.0,secretariado.ca@ulsguarda.min-saude.pt,Guarda,16,"Anestesiologia | Bloco Operatório | Cirurgia Geral | Imagiologia - RX convencional, ecografia e TC | Imagiologia - TC | Imunohemoterapia | Medicina Interna | Obstetrícia | Ortopedia | Patologia Clínica | Pediatria | Sala de Observações com Camas - Adultos | Sala de Observações com Camas - Ginecologia e Obstetrícia | Unidade de Cuidados Intermédios - Adultos | Urgência Adultos | Urgência Crianças e Adolescentes",SNS Transparência,caracterizacao-das-valencias-de-urgencia,https://transparencia.sns.gov.pt/explore/dataset/caracterizacao-das-valencias-de-urgencia/
sns_urgency:74,hospital_emergency_official,Urgência do Hospital Santo André - Leiria,H. D. Santarém | H. Dr. Manoel Constâncio - Abrantes | H. S. Teotónio - Viseu | H. Santa Maria | H. Santo André - Leiria | H. São José - Lisboa,"Centro Hospitalar Médio Tejo, E.P.E. | Centro Hospitalar Tondela-Viseu, E.P.E. | Centro Hospitalar Universitário de Lisboa Central, E.P.E. | Centro Hospitalar Universitário de Lisboa Norte, E.P.E. | Centro Hospitalar de Leiria, E.P.E. | Hospital Distrital de Santarém, E.P.E.",Serviço de Urgência Médico-cirúrgico | Serviço de Urgência Polivalente | Serviço de Urgência Polivalente com Centro de Trauma,39.7418,-8.79444,Rua das Olhalvas - Pousos,Leiria,2410-197,ARS Centro,244817000.0,secca@chleiria.min-saude.pt,"União das freguesias de Leiria, Pousos, Barreira e Cortes",20,"Anestesiologia | Bloco Operatório | Cirurgia Geral | Imagiologia - RX convencional, ecografia e TC | Imunohemoterapia | Medicina Interna | Neurologia | Oftalmologia | Ortopedia | Patologia Clínica | Pediatria | Psiquiatria | Sala de Observações com Camas - Adultos | Sala de Observações com Camas - Pediátrico | Unidade de Cuidados Intensivos - Adultos | Unidade de Cuidados Intensivos - Coronários | Unidade de Cuidados Intermédios - Adultos | Urgência Adultos | Urgência Crianças e Adolescentes | Via Verde AVC",SNS Transparência,caracterizacao-das-valencias-de-urgencia,https://transparencia.sns.gov.pt/explore/dataset/caracterizacao-das-valencias-de-urgencia/
sns_urgency:35,hospital_emergency_official,SUB do Hospital de Pombal,H. Espírito Santo - Évora | H. Pombal,"Centro Hospitalar de Leiria, E.P.E. | Hospital Espírito Santo - Évora, E.P.E.",Serviço de Urgência Básica | Serviço de Urgência Polivalente,39.9169,-8.62476,Av. Heróis do Ultramar - Apartado 40,Pombal,3100-462,ARS Centro,236210000.0,hdp@hdpombal.min-saude.pt,Pombal,3,Oftalmologia | Urgência Adultos | Urgência Crianças e Adolescentes,SNS Transparência,caracterizacao-das-valencias-de-urgencia,https://transparencia.sns.gov.pt/explore/dataset/caracterizacao-das-valencias-de-urgencia/
sns_urgency:27,hospital_emergency_official,SUB do Hospital Nossa Senhora da Assunção - Seia,H. N. Sra. Assunção - Seia,"Hospitais da ULS da Guarda, E.P.E.",Serviço de Urgência Básica,40.4208488464355,-7.697422,"Rua Dona Alexandrina Soares de Albergaria, s/n",Seia,6270-498,ARS Centro,238320700.0,sub.hnsa@ulsguarda.min-saude.pt,"União das freguesias de Seia, São Romão e Lapa dos Dinheiros",2,Urgência Adultos | Urgência Crianças e Adolescentes,SNS Transparência,caracterizacao-das-valencias-de-urgencia,https://transparencia.sns.gov.pt/explore/dataset/caracterizacao-das-valencias-de-urgencia/
sns_urgency:25,hospital_emergency_official,SUB do Hospital Cândido de Figueiredo - Tondela,H. Cândido Figueiredo - Tondela,"Centro Hospitalar Tondela-Viseu, E.P.E.",Serviço de Urgência Básica,40.5378,-8.08359,Av. General Humberto Delgado,Tondela,3460-525,ARS Centro,232819060.0,ca@hdtondela.min-saude.pt,União das freguesias de Tondela e Nandufe,2,Urgência Adultos | Urgência Crianças e Adolescentes,SNS Transparência,caracterizacao-das-valencias-de-urgencia,https://transparencia.sns.gov.pt/explore/dataset/caracterizacao-das-valencias-de-urgencia/
sns_urgency:18,hospital_emergency_official,SUB Vila Nova de Foz Côa,SUB Vila Nova de Foz Côa,"Hospitais da ULS da Guarda, E.P.E.",Serviço de Urgência Básica,41.0874,-7.13956,Largo São Sebastião,Vila Nova de Foz Côa,5150-632,ARS Centro,279760040.0,sub.fozcoa@ulsguarda.min-saude.pt,Vila Nova de Foz Côa,2,Urgência Adultos | Urgência Crianças e Adolescentes,SNS Transparência,caracterizacao-das-valencias-de-urgencia,https://transparencia.sns.gov.pt/explore/dataset/caracterizacao-das-valencias-de-urgencia/
sns_urgency:83,hospital_emergency_official,Urgência do Hospital São Teotónio - Viseu,H. D. Caldas Rainha | H. Eduardo Santos Silva - Gaia - Unidade I | H. S. Teotónio - Viseu | H. Santa Maria | H. São José - Lisboa,"Centro Hospitalar Tondela-Viseu, E.P.E. | Centro Hospitalar Universitário de Lisboa Central, E.P.E. | Centro Hospitalar Universitário de Lisboa Norte, E.P.E. | Centro Hospitalar de Vila Nova de Gaia/Espinho, E.P.E. | Centro Hospitalar do Oeste, E.P.E.",Serviço de Urgência Médico-cirúrgico | Serviço de Urgência Polivalente | Serviço de Urgência Polivalente com Centro de Trauma,40.6509,-7.91039,Av. do Rei D. Duarte,Viseu,3504-509,ARS Centro,232420500.0,geral@hstviseu.min-saude.pt,Viseu,23,"Anestesiologia | Angiografia Digital e RMN | Bloco Operatório | Cardiologia | Cardiologia de Intervenção | Cirurgia Geral | Gastroenterologia (com endoscopia) | Imagiologia - RX convencional, ecografia e TC | Imunohemoterapia | Medicina Interna | Neurocirurgia | Obstetrícia | Ortopedia | Patologia Clínica | Pediatria | Pneumologia (com endoscopia) | Sala de Observações com Camas - Adultos | Sala de Observações com Camas - Pediátrico | Toxicologia | Unidade de Cuidados Intensivos - Adultos | Unidade de Cuidados Intensivos - Coronários | Urgência Adultos | Urgência Crianças e Adolescentes",SNS Transparência,caracterizacao-das-valencias-de-urgencia,https://transparencia.sns.gov.pt/explore/dataset/caracterizacao-das-valencias-de-urgencia/
sns_urgency:26,hospital_emergency_official,SUB do Hospital Distrital de Águeda,H. D. Águeda | U. H. Macedo Cavaleiros,"Centro Hospitalar do Baixo Vouga, E.P.E. | Centro Hospitalar do Nordeste - ULS do Nordeste, E.P.E.",Serviço de Urgência Básica,40.575982,-8.449174,Rua da Misericórdia,Águeda,3750-130,ARS Centro,234611000.0,sec-adm@chbv.min-saude.pt,União das freguesias de Águeda e Borralha,3,Sala de Observações com Camas - Adultos | Urgência Adultos | Urgência Crianças e Adolescentes,SNS Transparência,caracterizacao-das-valencias-de-urgencia,https://transparencia.sns.gov.pt/explore/dataset/caracterizacao-das-valencias-de-urgencia/
sns_urgency:58,hospital_emergency_official,Urgência do Hospital Doutor Manoel Constâncio - Abrantes,H. Beatriz Ângelo - Loures | H. Dr. Manoel Constâncio - Abrantes | H. José Joaquim Fernandes - Beja | H. N. Sra. Rosário - Barreiro | H. S. Bernardo - Setúbal | H. Santo Espírito Ilha Terceira,"Centro Hospitalar Barreiro Montijo, E.P.E. | Centro Hospitalar Médio Tejo, E.P.E. | Centro Hospitalar de Setúbal, E.P.E. | Hospital Beatriz Ângelo - Loures, E.P.E. | Hospital José Joaquim Fernandes - Beja - ULS Baixo Alentejo, E.P.E. | Hospital de Santo Espírito da Ilha Terceira, EPER",Serviço de Urgência Médico-cirúrgico,39.456288,-8.198552,Largo Eng. Bioucas,Abrantes,2200-202,ARS Lisboa e Vale do Tejo,241360700.0,geral@chmt.min-saude.pt,União das freguesias de Abrantes (São Vicente e São João) e Alferrarede,15,"Anestesiologia | Bloco Operatório | Cirurgia Geral | Imagiologia - RX convencional, ecografia e TC | Imunohemoterapia | Medicina Interna | Obstetrícia | Ortopedia | Patologia Clínica | Pediatria | Sala de Observações com Camas - Adultos | Sala de Observações com Camas - Pediátrico | Unidade de Cuidados Intensivos - Adultos | Urgência Adultos | Urgência Crianças e Adolescentes",SNS Transparência,caracterizacao-das-valencias-de-urgencia,https://transparencia.sns.gov.pt/explore/dataset/caracterizacao-das-valencias-de-urgencia/
sns_urgency:67,hospital_emergency_official,Urgência do Hospital Nossa Senhora do Rosário - Barreiro,H. Cascais Dr. José de Almeida | H. Garcia Orta | H. Litoral Alentejano - Santiago Cacém | H. N. Sra. Rosário - Barreiro,"Centro Hospitalar Barreiro Montijo, E.P.E. | Hospital Garcia de Orta, E.P.E. | Hospital de Cascais Dr. José de Almeida | Hospital do Litoral Alentejano - Santiago do Cacém - ULS Litoral Alentejano, E.P.E.",Serviço de Urgência Médico-cirúrgico | Serviço de Urgência Polivalente,38.6527214050292,-9.05825614929199,Av. Brigadeiro Victor Novais Gonçalves,Alcabideche,2755-009,ARS Lisboa e Vale do Tejo,214653000.0,geral@hospitaldecascais.pt,Alcabideche,16,"Anestesiologia | Bloco Operatório | Cirurgia Geral | Imagiologia - RX convencional, ecografia e TC | Imunohemoterapia | Medicina Interna | Obstetrícia | Ortopedia | Patologia Clínica | Pediatria | Sala de Observações com Camas - Adultos | Sala de Observações com Camas - Pediátrico | Unidade de Cuidados Intensivos - Adultos | Unidade de Cuidados Intermédios - Adultos | Urgência Adultos | Urgência Crianças e Adolescentes",SNS Transparência,caracterizacao-das-valencias-de-urgencia,https://transparencia.sns.gov.pt/explore/dataset/caracterizacao-das-valencias-de-urgencia/
sns_urgency:87,hospital_emergency_official,Urgência do Hospital de Cascais Dr. José de Almeida,H. Cascais Dr. José de Almeida | H. D. Santarém | H. D. Torres Vedras | H. Pedro Hispano | H. São Francisco Xavier | U. H. São Pedro - Vila Real,"Centro Hospitalar de Lisboa Ocidental, E.P.E. | Centro Hospitalar de Trás-os-Montes e Alto Douro, E.P.E. | Centro Hospitalar do Oeste, E.P.E. | Hospital Distrital de Santarém, E.P.E. | Hospital Pedro Hispano - ULS Matosinhos, E.P.E. | Hospital de Cascais Dr. José de Almeida",Serviço de Urgência Médico-cirúrgico | Serviço de Urgência Polivalente | Serviço de Urgência Polivalente com Centro de Trauma,38.730076,-9.418207,Av. Brigadeiro Victor Novais Gonçalves,Alcabideche,2755-009,ARS Lisboa e Vale do Tejo,214653000.0,geral@hospitaldecascais.pt,Alcabideche,18,"Anestesiologia | Bloco Operatório | Cirurgia Geral | Imagiologia - RX convencional, ecografia e TC | Imunohemoterapia | Medicina Interna | Obstetrícia | Ortopedia | Patologia Clínica | Pediatria | Sala de Observações com Cadeirões - Pediátrico | Sala de Observações com Camas - Adultos | Sala de Observações com Camas - Pediátrico | Unidade de Cuidados Intensivos - Adultos | Unidade de Cuidados Intermédios - Adultos | Unidade de Cuidados Intermédios - Neonatais | Urgência Adultos | Urgência Crianças e Adolescentes",SNS Transparência,caracterizacao-das-valencias-de-urgencia,https://transparencia.sns.gov.pt/explore/dataset/caracterizacao-das-valencias-de-urgencia/
sns_urgency:3,hospital_emergency_official,SUB Algueirão Mem-Martins,SUB Algueirão Mem-Martins,"Hospital Prof. Doutor Fernando Fonseca, E.P.E.",Serviço de Urgência Básica,38.7903,-9.35091,Rua das Eiras 34,Algueirão-Mem Martins,2725-079,ARS Lisboa e Vale do Tejo,214345535.0,sec.geral@hff.min-saude.pt,Algueirão-Mem Martins,1,Urgência Adultos,SNS Transparência,caracterizacao-das-valencias-de-urgencia,https://transparencia.sns.gov.pt/explore/dataset/caracterizacao-das-valencias-de-urgencia/
sns_urgency:63,hospital_emergency_official,Urgência do Hospital Garcia de Orta,H. Doutor José Maria Grande - Portalegre | H. Eduardo Santos Silva - Gaia - Unidade I | H. Espírito Santo - Évora | H. Garcia Orta | H. José Joaquim Fernandes - Beja | H. Pedro Hispano,"Centro Hospitalar de Vila Nova de Gaia/Espinho, E.P.E. | Hospitais da ULS do Norte Alentejano, E.P.E. | Hospital Espírito Santo - Évora, E.P.E. | Hospital Garcia de Orta, E.P.E. | Hospital José Joaquim Fernandes - Beja - ULS Baixo Alentejo, E.P.E. | Hospital Pedro Hispano - ULS Matosinhos, E.P.E.",Serviço de Urgência Médico-cirúrgico | Serviço de Urgência Polivalente | Serviço de Urgência Polivalente com Centro de Trauma,38.67381,-9.17597,"Av. Torrado da Silva, Pragal",Almada,2805-267,ARS Lisboa e Vale do Tejo,212940294.0,geral@hgo.min-saude.pt,"União das freguesias de Almada, Cova da Piedade, Pragal e Cacilhas",26,"Anestesiologia | Angiografia Digital e RMN | Bloco Operatório | Cardiologia | Cardiologia de Intervenção | Cirurgia Geral | Gastroenterologia (com endoscopia) | Imagiologia - RX convencional, ecografia e TC | Imunohemoterapia | Medicina Interna | Neurocirurgia | Obstetrícia | Ortopedia | Patologia Clínica | Pediatria | Pneumologia (com endoscopia) | Sala de Observações com Camas - Adultos | Sala de Observações com Camas - Pediátrico | Toxicologia | Unidade de Cuidados Intensivos - Adultos | Unidade de Cuidados Intensivos - Neonatais | Unidade de Cuidados Intensivos - Pediátrica | Unidade de Cuidados Intermédios - Adultos | Unidade de Cuidados Intermédios - Neonatais | Urgência Adultos | Urgência Crianças e Adolescentes",SNS Transparência,caracterizacao-das-valencias-de-urgencia,https://transparencia.sns.gov.pt/explore/dataset/caracterizacao-das-valencias-de-urgencia/
sns_urgency:93,hospital_emergency_official,Urgência do Hospital do Litoral Alentejano - Santiago do Cacém,H. Garcia Orta | H. José Joaquim Fernandes - Beja | H. Litoral Alentejano - Santiago Cacém | Matern. Bissaya Barreto,"Centro Hospitalar e Universitário de Coimbra, E.P.E. | Hospital Garcia de Orta, E.P.E. | Hospital José Joaquim Fernandes - Beja - ULS Baixo Alentejo, E.P.E. | Hospital do Litoral Alentejano - Santiago do Cacém - ULS Litoral Alentejano, E.P.E.",Serviço de Urgência Médico-cirúrgico | Serviço de Urgência Polivalente,38.039936,-8.731693,"Av. Torrado da Silva, Pragal",Almada,2805-267,ARS Lisboa e Vale do Tejo,212940294.0,geral@hgo.min-saude.pt,"União das freguesias de Almada, Cova da Piedade, Pragal e Cacilhas",13,"Anestesiologia | Bloco Operatório | Cirurgia Geral | Imagiologia - RX convencional, ecografia e TC | Imunohemoterapia | Medicina Interna | Ortopedia | Patologia Clínica | Sala de Observações com Camas - Adultos | Sala de Observações com Camas - Ginecologia e Obstetrícia | Unidade de Cuidados Intermédios - Pediátrica | Urgência Adultos | Urgência Crianças e Adolescentes",SNS Transparência,caracterizacao-das-valencias-de-urgencia,https://transparencia.sns.gov.pt/explore/dataset/caracterizacao-das-valencias-de-urgencia/
sns_urgency:10,hospital_emergency_official,SUB Mogadouro,H. Cascais Dr. José de Almeida | H. Prof. Doutor Fernando Fonseca,"Hospital Prof. Doutor Fernando Fonseca, E.P.E. | Hospital de Cascais Dr. José de Almeida",Serviço de Urgência Médico-cirúrgico,41.342963418,-6.7120221701,IC 19 - Venteira,Amadora,2720-276,ARS Lisboa e Vale do Tejo,214348200.0,sec.geral@hff.min-saude.pt,Venteira,3,Oftalmologia | Otorrinolaringologia | Unidade de Cuidados Intensivos - Adultos,SNS Transparência,caracterizacao-das-valencias-de-urgencia,https://transparencia.sns.gov.pt/explore/dataset/caracterizacao-das-valencias-de-urgencia/
sns_urgency:71,hospital_emergency_official,Urgência do Hospital Prof. Doutor Fernando Fonseca - Amadora/Sintra,H. Cascais Dr. José de Almeida | H. Garcia Orta | H. Prof. Doutor Fernando Fonseca | H. São Francisco Xavier | H. São José - Lisboa | H. Vila Franca Xira,"Centro Hospitalar Universitário de Lisboa Central, E.P.E. | Centro Hospitalar de Lisboa Ocidental, E.P.E. | Hospital Garcia de Orta, E.P.E. | Hospital Prof. Doutor Fernando Fonseca, E.P.E. | Hospital Vila Franca de Xira, E.P.E. | Hospital de Cascais Dr. José de Almeida",Serviço de Urgência Médico-cirúrgico | Serviço de Urgência Polivalente | Serviço de Urgência Polivalente com Centro de Trauma,38.7354,-9.22709,IC 19 - Venteira,Amadora,2720-276,ARS Lisboa e Vale do Tejo,214348200.0,sec.geral@hff.min-saude.pt,Venteira,20,"Anestesiologia | Bloco Operatório | Cirurgia Geral | Imagiologia - RX convencional, ecografia e TC | Imunohemoterapia | Medicina Interna | Obstetrícia | Ortopedia | Patologia Clínica | Pediatria | Sala de Observações com Camas - Adultos | Sala de Observações com Camas - Pediátrico | Unidade de Cuidados Intensivos - Adultos | Unidade de Cuidados Intensivos - Coronários | Unidade de Cuidados Intensivos - Neonatais | Unidade de Cuidados Intensivos - Pediátrica | Unidade de Cuidados Intermédios - Adultos | Unidade de Cuidados Intermédios - Neonatais | Urgência Adultos | Urgência Crianças e Adolescentes",SNS Transparência,caracterizacao-das-valencias-de-urgencia,https://transparencia.sns.gov.pt/explore/dataset/caracterizacao-das-valencias-de-urgencia/
sns_urgency:54,hospital_emergency_official,Urgência do Hospital Distrital das Caldas da Rainha,H. D. Caldas Rainha | H. Horta | H. S. Teotónio - Viseu | H. Santo André - Leiria,"Centro Hospitalar Tondela-Viseu, E.P.E. | Centro Hospitalar de Leiria, E.P.E. | Centro Hospitalar do Oeste, E.P.E. | Hospital da Horta, EPER",Serviço de Urgência Médico-cirúrgico | Serviço de Urgência Polivalente,39.4055519104004,-9.128473,Rua Diário de Notícias,Caldas da Rainha,2500-176,ARS Lisboa e Vale do Tejo,262830300.0,secretariado.ca@choeste.min-saude.pt,"União das freguesias de Caldas da Rainha - Nossa Senhora do Pópulo, Coto e São Gregório",13,"Anestesiologia | Bloco Operatório | Cirurgia Geral | Imagiologia - RX convencional, ecografia e TC | Imunohemoterapia | Medicina Interna | Ortopedia | Patologia Clínica | Pediatria | Sala de Observações com Camas - Adultos | Sala de Observações com Camas - Pediátrico | Urgência Adultos | Urgência Crianças e Adolescentes",SNS Transparência,caracterizacao-das-valencias-de-urgencia,https://transparencia.sns.gov.pt/explore/dataset/caracterizacao-das-valencias-de-urgencia/
sns_urgency:52,hospital_emergency_official,Urgência do Hospital D. Estefânia,H. Braga | H. D. Estefânia | H. Geral de Coimbra | Matern. Daniel Matos,"Centro Hospitalar Universitário de Lisboa Central, E.P.E. | Centro Hospitalar e Universitário de Coimbra, E.P.E. | Hospital de Braga, E.P.E.",Serviço de Urgência Médico-cirúrgico | Serviço de Urgência Polivalente | Serviço de Urgência Polivalente com Centro de Trauma,38.728378,-9.139314,Rua Jacinta Marto,Lisboa,1169-045,ARS Lisboa e Vale do Tejo,213126600.0,sec.adm.hde@chlc.min-saude.pt,Arroios,11,"Cardiologia Pediátrica | Imagiologia - RX convencional, ecografia e TC | Medicina Interna | Patologia Clínica | Pediatria | Pedopsiquiatria | Sala de Observações com Camas - Pediátrico | Unidade de Cuidados Intensivos - Pediátrica | Unidade de Cuidados Intermédios - Neonatais | Urgência Adultos | Urgência Crianças e Adolescentes",SNS Transparência,caracterizacao-das-valencias-de-urgencia,https://transparencia.sns.gov.pt/explore/dataset/caracterizacao-das-valencias-de-urgencia/
sns_urgency:73,hospital_emergency_official,Urgência do Hospital Santa Maria,Centro Materno Infantil Norte | H. Cascais Dr. José de Almeida | H. D. Estefânia | H. Espírito Santo - Évora | H. Prof. Doutor Fernando Fonseca | H. Santa Maria | Matern. Bissaya Barreto,"Centro Hospitalar Universitário de Lisboa Central, E.P.E. | Centro Hospitalar Universitário de Lisboa Norte, E.P.E. | Centro Hospitalar Universitário de Santo António, E.P.E. | Centro Hospitalar e Universitário de Coimbra, E.P.E. | Hospital Espírito Santo - Évora, E.P.E. | Hospital Prof. Doutor Fernando Fonseca, E.P.E. | Hospital de Cascais Dr. José de Almeida",Serviço de Urgência Médico-cirúrgico | Serviço de Urgência Polivalente | Serviço de Urgência Polivalente com Centro de Trauma,38.7500648498535,-9.1615104675293,Av. Professor Egas Moniz,Lisboa,1649-035,ARS Lisboa e Vale do Tejo,217805000.0,contactcenter@chln.min-saude.pt,Alvalade,34,"Anestesiologia | Angiografia Digital e RMN | Bloco Operatório | Cardiologia | Cardiologia de Intervenção | Cirurgia Cardiotorácica | Cirurgia Geral | Cirurgia Maxilofacial | Cirurgia Plástica e Reconstrutiva | Cirurgia Vascular | Gastroenterologia (com endoscopia) | Imagiologia - RX convencional, ecografia e TC | Imunohemoterapia | Medicina Interna | Neurocirurgia | Obstetrícia | Ortopedia | Patologia Clínica | Pediatria | Pneumologia (com endoscopia) | Radiologia de Intervenção | Sala de Observações com Camas - Adultos | Sala de Observações com Camas - Pediátrico | Toxicologia | Unidade de Cuidados Intensivos - Adultos | Unidade de Cuidados Intensivos - Coronários | Unidade de Cuidados Intensivos - Neonatais | Unidade de Cuidados Intensivos - Pediátrica | Unidade de Cuidados Intensivos - Queimados | Unidade de Cuidados Intermédios - Adultos | Unidade de Cuidados Intermédios - Neonatais | Unidade de Cuidados Intermédios - Pediátrica | Urgência Adultos | Urgência Crianças e Adolescentes",SNS Transparência,caracterizacao-das-valencias-de-urgencia,https://transparencia.sns.gov.pt/explore/dataset/caracterizacao-das-valencias-de-urgencia/
sns_urgency:79,hospital_emergency_official,Urgência do Hospital São José - Lisboa,H. Braga | H. Faro | H. Prof. Doutor Fernando Fonseca | H. Santa Maria | H. São José - Lisboa,"Centro Hospitalar Universitário de Lisboa Central, E.P.E. | Centro Hospitalar Universitário de Lisboa Norte, E.P.E. | Centro Hospitalar Universitário do Algarve, E.P.E. | Hospital Prof. Doutor Fernando Fonseca, E.P.E. | Hospital de Braga, E.P.E.",Serviço de Urgência Médico-cirúrgico | Serviço de Urgência Polivalente | Serviço de Urgência Polivalente com Centro de Trauma,38.7169,-9.13654,Rua José António Serrano,Lisboa,1150-199,ARS Lisboa e Vale do Tejo,218841000.0,sec.ca@chlc.min-saude.pt,Arroios,26,"Anestesiologia | Angiografia Digital e RMN | Bloco Operatório | Cardiologia | Cardiologia de Intervenção | Cirurgia Cardiotorácica | Cirurgia Geral | Cirurgia Maxilofacial | Cirurgia Plástica e Reconstrutiva | Cirurgia Vascular | Gastroenterologia (com endoscopia) | Imagiologia - RX convencional, ecografia e TC | Imunohemoterapia | Medicina Interna | Neurocirurgia | Ortopedia | Patologia Clínica | Pneumologia (com endoscopia) | Radiologia de Intervenção | Sala de Observações com Camas - Adultos | Toxicologia | Unidade de Cuidados Intensivos - Adultos | Unidade de Cuidados Intensivos - Coronários | Unidade de Cuidados Intermédios - Adultos | Unidade de Cuidados Intermédios - Pediátrica | Urgência Adultos",SNS Transparência,caracterizacao-das-valencias-de-urgencia,https://transparencia.sns.gov.pt/explore/dataset/caracterizacao-das-valencias-de-urgencia/
sns_urgency:51,hospital_emergency_official,Urgência do Hospital Beatriz Ângelo - Loures,H. Beatriz Ângelo - Loures | H. Santo André - Leiria,"Centro Hospitalar de Leiria, E.P.E. | Hospital Beatriz Ângelo - Loures, E.P.E.",Serviço de Urgência Médico-cirúrgico,38.821769,-9.176301,"Av. Carlos Teixeira, 3",Loures,2674-514,ARS Lisboa e Vale do Tejo,219847200.0,geral@hba.min-saude.pt,Loures,18,Anestesiologia | Bloco Operatório | Cirurgia Geral | Imagiologia - Ecografia | Imagiologia - RX convencional | Imagiologia - TC | Imunohemoterapia | Medicina Interna | Obstetrícia | Ortopedia | Patologia Clínica | Pediatria | Sala de Observações com Camas - Adultos | Sala de Observações com Camas - Pediátrico | Unidade de Cuidados Intensivos - Adultos | Unidade de Cuidados Intensivos - Neonatais | Urgência Adultos | Urgência Crianças e Adolescentes,SNS Transparência,caracterizacao-das-valencias-de-urgencia,https://transparencia.sns.gov.pt/explore/dataset/caracterizacao-das-valencias-de-urgencia/
sns_urgency:39,hospital_emergency_official,SUB do Hospital do Montijo,H. Montijo,"Centro Hospitalar Barreiro Montijo, E.P.E.",Serviço de Urgência Básica,38.707596,-8.972099,"Rua Machado dos Santos, 54",Montijo,2870-351,ARS Lisboa e Vale do Tejo,212309100.0,admin@chbm.min-saude.pt,União das freguesias de Montijo e Afonsoeiro,2,Urgência Adultos | Urgência Crianças e Adolescentes,SNS Transparência,caracterizacao-das-valencias-de-urgencia,https://transparencia.sns.gov.pt/explore/dataset/caracterizacao-das-valencias-de-urgencia/
sns_urgency:33,hospital_emergency_official,SUB do Hospital São Pedro Gonçalves Telmo - Peniche,H. S. Pedro Gonçalves Telmo - Peniche,"Centro Hospitalar do Oeste, E.P.E.",Serviço de Urgência Básica,39.363727,-9.383074,Rua General Humberto Delgado,Peniche,2520-447,ARS Lisboa e Vale do Tejo,262780900.0,secretariado.ca@choeste.min-saude.pt,Peniche,2,Urgência Adultos | Urgência Crianças e Adolescentes,SNS Transparência,caracterizacao-das-valencias-de-urgencia,https://transparencia.sns.gov.pt/explore/dataset/caracterizacao-das-valencias-de-urgencia/
sns_urgency:55,hospital_emergency_official,Urgência do Hospital Distrital de Santarém,H. D. Santarém | H. Doutor José Maria Grande - Portalegre | H. Dr. Manoel Constâncio - Abrantes | H. N. Sra. Rosário - Barreiro | H. S. Bernardo - Setúbal | H. Santo António,"Centro Hospitalar Barreiro Montijo, E.P.E. | Centro Hospitalar Médio Tejo, E.P.E. | Centro Hospitalar Universitário de Santo António, E.P.E. | Centro Hospitalar de Setúbal, E.P.E. | Hospitais da ULS do Norte Alentejano, E.P.E. | Hospital Distrital de Santarém, E.P.E.",Serviço de Urgência Médico-cirúrgico | Serviço de Urgência Polivalente com Centro de Trauma,39.232503,-8.715083,Rua Camilo Castelo Branco - Apartado 140,Setúbal,2910-446,ARS Lisboa e Vale do Tejo,265549000.0,geral@chs.min-saude.pt,Setúbal (São Sebastião),16,"Anestesiologia | Bloco Operatório | Cirurgia Geral | Imagiologia - RX convencional, ecografia e TC | Imunohemoterapia | Medicina Interna | Obstetrícia | Ortopedia | Patologia Clínica | Pediatria | Sala de Observações com Cadeirões - Adultos | Unidade de Cuidados Intensivos - Adultos | Unidade de Cuidados Intensivos - Coronários | Unidade de Cuidados Intermédios - Adultos | Urgência Adultos | Urgência Crianças e Adolescentes",SNS Transparência,caracterizacao-das-valencias-de-urgencia,https://transparencia.sns.gov.pt/explore/dataset/caracterizacao-das-valencias-de-urgencia/
sns_urgency:28,hospital_emergency_official,SUB do Hospital Nossa Senhora da Graça - Tomar,H. N. Sra. Graça - Tomar,"Centro Hospitalar Médio Tejo, E.P.E.",Serviço de Urgência Básica,39.605565,-8.404399,"Av. Maria de Lourdes de Mello e Castro, Apartado 118",Tomar,2304-909,ARS Lisboa e Vale do Tejo,249320100.0,geral@chmt.min-saude.pt,União das freguesias de Tomar (São João Baptista) e Santa Maria dos Olivais,2,Urgência Adultos | Urgência Crianças e Adolescentes,SNS Transparência,caracterizacao-das-valencias-de-urgencia,https://transparencia.sns.gov.pt/explore/dataset/caracterizacao-das-valencias-de-urgencia/
sns_urgency:29,hospital_emergency_official,SUB do Hospital Rainha Santa Isabel - Torres Novas,H. Rainha Santa Isabel - Torres Novas,"Centro Hospitalar Médio Tejo, E.P.E.",Serviço de Urgência Básica,39.467897,-8.537108,"Av. Xanana Gusmão, apartado 45",Torres Novas,2350-754,ARS Lisboa e Vale do Tejo,249810100.0,geral@chmt.min-saude.pt,"União das freguesias de Torres Novas (Santa Maria, Salvador e Santiago)",2,Urgência Adultos | Urgência Crianças e Adolescentes,SNS Transparência,caracterizacao-das-valencias-de-urgencia,https://transparencia.sns.gov.pt/explore/dataset/caracterizacao-das-valencias-de-urgencia/
sns_urgency:56,hospital_emergency_official,Urgência do Hospital Distrital de Torres Vedras,H. D. Santarém | H. D. Torres Vedras | H. Dr. Manoel Constâncio - Abrantes | H. Pombal,"Centro Hospitalar Médio Tejo, E.P.E. | Centro Hospitalar de Leiria, E.P.E. | Centro Hospitalar do Oeste, E.P.E. | Hospital Distrital de Santarém, E.P.E.",Serviço de Urgência Básica | Serviço de Urgência Médico-cirúrgico,39.086617,-9.257309,Rua Dr. Aurélio Ricardo Belo,Torres Vedras,2560-324,ARS Lisboa e Vale do Tejo,261319300.0,secretariado.ca@choeste.min-saude.pt,"Santa Maria, São Pedro e Matacães",13,"Anestesiologia | Bloco Operatório | Cirurgia Geral | Imagiologia - RX convencional, ecografia e TC | Imunohemoterapia | Medicina Interna | Ortopedia | Patologia Clínica | Pediatria | Sala de Observações com Camas - Adultos | Sala de Observações com Camas - Pediátrico | Urgência Adultos | Urgência Crianças e Adolescentes",SNS Transparência,caracterizacao-das-valencias-de-urgencia,https://transparencia.sns.gov.pt/explore/dataset/caracterizacao-das-valencias-de-urgencia/
sns_urgency:78,hospital_emergency_official,Urgência do Hospital São Francisco Xavier,H. D. Santarém | H. D. Torres Vedras | H. N. Sra. Rosário - Barreiro | H. S. Bernardo - Setúbal | H. Santo António | H. São Francisco Xavier,"Centro Hospitalar Barreiro Montijo, E.P.E. | Centro Hospitalar Universitário de Santo António, E.P.E. | Centro Hospitalar de Lisboa Ocidental, E.P.E. | Centro Hospitalar de Setúbal, E.P.E. | Centro Hospitalar do Oeste, E.P.E. | Hospital Distrital de Santarém, E.P.E.",Serviço de Urgência Médico-cirúrgico | Serviço de Urgência Polivalente | Serviço de Urgência Polivalente com Centro de Trauma,38.7084,-9.21711,Rua Dr. Aurélio Ricardo Belo,Torres Vedras,2560-324,ARS Lisboa e Vale do Tejo,261319300.0,secretariado.ca@choeste.min-saude.pt,"Santa Maria, São Pedro e Matacães",25,"Anestesiologia | Angiografia Digital e RMN | Bloco Operatório | Cardiologia | Cardiologia de Intervenção | Cirurgia Geral | Gastroenterologia (com endoscopia) | Imagiologia - RX convencional | Imagiologia - RX convencional, ecografia e TC | Imunohemoterapia | Medicina Interna | Neurocirurgia | Obstetrícia | Ortopedia | Patologia Clínica | Pediatria | Pneumologia (com endoscopia) | Sala de Observações com Camas - Adultos | Sala de Observações com Camas - Pediátrico | Toxicologia | Unidade de Cuidados Intensivos - Adultos | Unidade de Cuidados Intensivos - Neonatais | Unidade de Cuidados Intermédios - Adultos | Urgência Adultos | Urgência Crianças e Adolescentes",SNS Transparência,caracterizacao-das-valencias-de-urgencia,https://transparencia.sns.gov.pt/explore/dataset/caracterizacao-das-valencias-de-urgencia/
sns_urgency:37,hospital_emergency_official,SUB do Hospital de Santa Maria Maior,H. Santa Maria Maior | H. São João - Porto | SUB Arganil | SUB Arouca,"Centro Hospitalar Universitário de São João, E.P.E. | Grupo | Serviços de Urgência Básica | ARSC | Grupo | Serviços de Urgência Básica | ARSN | Hospital de Santa Maria Maior, E.P.E.",Serviço de Urgência Básica | Serviço de Urgência Polivalente com Centro de Trauma,41.533438,-8.616604,"Campo da República, Apartado 181",Barcelos,4754-909,ARS Norte,253809200.0,secadm@hbarcelos.min-saude.pt,"União das freguesias de Barcelos, Vila Boa e Vila Frescainha (São Martinho e São Pedro)",10,Anestesiologia | Bloco Operatório | Cirurgia Geral | Imagiologia - Ecografia | Ortopedia | Sala de Observações com Cadeirões - Adultos | Sala de Observações com Camas - Adultos | Sala de Observações com Camas - Pediátrico | Urgência Adultos | Urgência Crianças e Adolescentes,SNS Transparência,caracterizacao-das-valencias-de-urgencia,https://transparencia.sns.gov.pt/explore/dataset/caracterizacao-das-valencias-de-urgencia/
sns_urgency:41,hospital_emergency_official,Urgência da Maternidade Bissaya Barreto,H. Braga | H. D. Estefânia | H. Santa Maria Maior | Matern. Dr. Alfredo Costa,"Centro Hospitalar Universitário de Lisboa Central, E.P.E. | Hospital de Braga, E.P.E. | Hospital de Santa Maria Maior, E.P.E.",Serviço de Urgência Básica | Serviço de Urgência Polivalente | Serviço de Urgência Polivalente com Centro de Trauma,40.2127,-8.41486,"Campo da República, Apartado 181",Barcelos,4754-909,ARS Norte,253809200.0,secadm@hbarcelos.min-saude.pt,"União das freguesias de Barcelos, Vila Boa e Vila Frescainha (São Martinho e São Pedro)",5,"Bloco Operatório | Imagiologia - RX convencional, ecografia e TC | Obstetrícia | Patologia Clínica | Pediatria",SNS Transparência,caracterizacao-das-valencias-de-urgencia,https://transparencia.sns.gov.pt/explore/dataset/caracterizacao-das-valencias-de-urgencia/
sns_urgency:86,hospital_emergency_official,Urgência do Hospital de Braga,H. Braga | H. Cascais Dr. José de Almeida | H. S. Bernardo - Setúbal | H. Sra. Oliveira - Guimarães,"Centro Hospitalar de Setúbal, E.P.E. | Hospital da Senhora da Oliveira - Guimarães, E.P.E. | Hospital de Braga, E.P.E. | Hospital de Cascais Dr. José de Almeida",Serviço de Urgência Médico-cirúrgico | Serviço de Urgência Polivalente,41.562328338623,-8.399443,Sete Fontes - São Victor,Braga,4710-243,ARS Norte,253027000.0,hbraga@hb.min-saude.pt,Braga (São Vítor),25,"Anestesiologia | Angiografia Digital e RMN | Bloco Operatório | Cardiologia | Cardiologia de Intervenção | Cirurgia Geral | Gastroenterologia (com endoscopia) | Imagiologia - RX convencional, ecografia e TC | Imunohemoterapia | Medicina Interna | Neurocirurgia | Obstetrícia | Ortopedia | Patologia Clínica | Pediatria | Pneumologia (com endoscopia) | Sala de Observações com Camas - Adultos | Sala de Observações com Camas - Pediátrico | Toxicologia | Unidade de Cuidados Intensivos - Adultos | Unidade de Cuidados Intensivos - Neonatais | Unidade de Cuidados Intermédios - Adultos | Unidade de Cuidados Intermédios - Neonatais | Urgência Adultos | Urgência Crianças e Adolescentes",SNS Transparência,caracterizacao-das-valencias-de-urgencia,https://transparencia.sns.gov.pt/explore/dataset/caracterizacao-das-valencias-de-urgencia/
sns_urgency:45,hospital_emergency_official,Urgência da Unidade Hospitalar de Bragança,H. S. João Deus - Famalicão | U. H. Bragança | U. H. Mirandela | U. H. Póvoa Varzim,"Centro Hospitalar Póvoa de Varzim/Vila do Conde, E.P.E. | Centro Hospitalar do Médio Ave, E.P.E. | Centro Hospitalar do Nordeste - ULS do Nordeste, E.P.E.",Serviço de Urgência Médico-cirúrgico,41.802452,-6.768198,Av. Abade Baçal,Bragança,5301-852,ARS Norte,273310800.0,secretariado.sede@ulsne.min-saude.pt,"União das freguesias de Sé, Santa Maria e Meixedo",14,"Anestesiologia | Bloco Operatório | Cirurgia Geral | Imagiologia - RX convencional, ecografia e TC | Imunohemoterapia | Medicina Interna | Obstetrícia | Ortopedia | Patologia Clínica | Pediatria | Sala de Observações com Camas - Adultos | Sala de Observações com Camas - Pediátrico | Urgência Adultos | Urgência Crianças e Adolescentes",SNS Transparência,caracterizacao-das-valencias-de-urgencia,https://transparencia.sns.gov.pt/explore/dataset/caracterizacao-das-valencias-de-urgencia/
sns_urgency:82,hospital_emergency_official,Urgência do Hospital São Sebastião - Santa Maria da Feira,H. Amato Lusitano - Castelo Branco | H. Pêro da Covilhã | H. Sousa Martins - Guarda | H. São Sebastião - Sta. Maria Feira | Matern. Dr. Alfredo Costa | U. H. Bragança,"Centro Hospitalar Universitário Cova da Beira, E.P.E. | Centro Hospitalar Universitário de Lisboa Central, E.P.E. | Centro Hospitalar de Entre o Douro e Vouga, E.P.E. | Centro Hospitalar do Nordeste - ULS do Nordeste, E.P.E. | Hospitais da ULS da Guarda, E.P.E. | Hospital Amato Lusitano - ULS de Castelo Branco, E.P.E.",Serviço de Urgência Médico-cirúrgico | Serviço de Urgência Polivalente,40.9295,-8.54567,Av. Abade Baçal,Bragança,5301-852,ARS Norte,273310800.0,secretariado.sede@ulsne.min-saude.pt,"União das freguesias de Sé, Santa Maria e Meixedo",14,"Anestesiologia | Bloco Operatório | Cirurgia Geral | Imagiologia - RX convencional, ecografia e TC | Medicina Interna | Obstetrícia | Ortopedia | Patologia Clínica | Pediatria | Sala de Observações com Camas - Pediátrico | Unidade de Cuidados Intensivos - Neonatais | Unidade de Cuidados Intermédios - Adultos | Urgência Adultos | Urgência Crianças e Adolescentes",SNS Transparência,caracterizacao-das-valencias-de-urgencia,https://transparencia.sns.gov.pt/explore/dataset/caracterizacao-das-valencias-de-urgencia/
sns_urgency:46,hospital_emergency_official,Urgência da Unidade Hospitalar de Chaves,H. Infante D. Pedro - Aveiro | U. H. Chaves,"Centro Hospitalar de Trás-os-Montes e Alto Douro, E.P.E. | Centro Hospitalar do Baixo Vouga, E.P.E.",Serviço de Urgência Médico-cirúrgico,41.743265,-7.476717,Av. Dr. Francisco Sá Carneiro,Chaves,5400-279,ARS Norte,276300900.0,hchaves@hchaves.min-saude.pt,Santa Maria Maior,12,"Anestesiologia | Bloco Operatório | Cirurgia Geral | Imagiologia - RX convencional, ecografia e TC | Imunohemoterapia | Medicina Interna | Ortopedia | Patologia Clínica | Pediatria | Sala de Observações com Camas - Adultos | Urgência Adultos | Urgência Crianças e Adolescentes",SNS Transparência,caracterizacao-das-valencias-de-urgencia,https://transparencia.sns.gov.pt/explore/dataset/caracterizacao-das-valencias-de-urgencia/
sns_urgency:7,hospital_emergency_official,SUB Cinfães,SUB Cinfães,Grupo | Serviços de Urgência Básica | ARSN,Serviço de Urgência Básica,41.074141271,-8.0912927613,Rua Capitão Salgueiro Maia,Cinfães,4690-047,ARS Norte,255431374.0,aces.baixotamega@arsnorte.min-saude.pt,Cinfães,2,Urgência Adultos | Urgência Crianças e Adolescentes,SNS Transparência,caracterizacao-das-valencias-de-urgencia,https://transparencia.sns.gov.pt/explore/dataset/caracterizacao-das-valencias-de-urgencia/
sns_urgency:75,hospital_emergency_official,Urgência do Hospital Senhora da Oliveira - Guimarães,H. S. João Deus - Famalicão | H. Santo André - Leiria | H. Sra. Oliveira - Guimarães | H. São João - Porto,"Centro Hospitalar Universitário de São João, E.P.E. | Centro Hospitalar de Leiria, E.P.E. | Centro Hospitalar do Médio Ave, E.P.E. | Hospital da Senhora da Oliveira - Guimarães, E.P.E.",Serviço de Urgência Médico-cirúrgico | Serviço de Urgência Polivalente com Centro de Trauma,41.488574,-8.338685,Rua dos Cutileiros - Creixomil,Guimarães,4835-044,ARS Norte,253540330.0,geral@hospitaldeguimaraes.min-saude.pt,Creixomil,23,"Anestesiologia | Bloco Operatório | Cardiologia | Cirurgia Geral | Cirurgia Vascular | Gastroenterologia (com endoscopia) | Imagiologia - RX convencional, ecografia e TC | Imunohemoterapia | Medicina Interna | Obstetrícia | Oftalmologia | Ortopedia | Otorrinolaringologia | Patologia Clínica | Pediatria | Sala de Observações com Camas - Adultos | Sala de Observações com Camas - Pediátrico | Unidade de Cuidados Intensivos - Adultos | Unidade de Cuidados Intensivos - Neonatais | Unidade de Cuidados Intermédios - Adultos | Unidade de Cuidados Intermédios - Neonatais | Urgência Adultos | Urgência Crianças e Adolescentes",SNS Transparência,caracterizacao-das-valencias-de-urgencia,https://transparencia.sns.gov.pt/explore/dataset/caracterizacao-das-valencias-de-urgencia/
sns_urgency:21,hospital_emergency_official,SUB da Unidade Hospitalar de Proximidade de Lamego,H. D. Águeda | U. H. Proximidade Lamego,"Centro Hospitalar de Trás-os-Montes e Alto Douro, E.P.E. | Centro Hospitalar do Baixo Vouga, E.P.E.",Serviço de Urgência Básica,41.083969,-7.795768,Quinta Calvilhe,Lamego,5100-038,ARS Norte,254609980.0,critianacb@chtmad.min-saude.pt,Lamego (Almacave e Sé),3,Sala de Observações com Camas - Adultos | Urgência Adultos | Urgência Crianças e Adolescentes,SNS Transparência,caracterizacao-das-valencias-de-urgencia,https://transparencia.sns.gov.pt/explore/dataset/caracterizacao-das-valencias-de-urgencia/
sns_urgency:84,hospital_emergency_official,Urgência do Hospital Vila Franca de Xira,Centro Materno Infantil Norte | H. Pediátrico de Coimbra | H. Santa Luzia - Viana Castelo | H. São João - Porto | H. Vila Franca Xira | Matern. Bissaya Barreto | U. H. Macedo Cavaleiros,"Centro Hospitalar Alto Minho - ULS Alto Minho, E.P.E. | Centro Hospitalar Universitário de Santo António, E.P.E. | Centro Hospitalar Universitário de São João, E.P.E. | Centro Hospitalar do Nordeste - ULS do Nordeste, E.P.E. | Centro Hospitalar e Universitário de Coimbra, E.P.E. | Hospital Vila Franca de Xira, E.P.E.",Serviço de Urgência Básica | Serviço de Urgência Médico-cirúrgico | Serviço de Urgência Polivalente | Serviço de Urgência Polivalente com Centro de Trauma,38.977344,-8.984882,Av. Dr. Urze Pires,Macedo de Cavaleiros,5340-263,ARS Norte,278428200.0,hdmc@hmcavaleiros.min-saude.pt,Macedo de Cavaleiros,15,"Anestesiologia | Bloco Operatório | Cirurgia Geral | Imagiologia - RX convencional, ecografia e TC | Imunohemoterapia | Medicina Interna | Obstetrícia | Ortopedia | Pediatria | Sala de Observações com Camas - Adultos | Sala de Observações com Camas - Pediátrico | Unidade de Cuidados Intensivos - Adultos | Unidade de Cuidados Intermédios - Pediátrica | Urgência Adultos | Urgência Crianças e Adolescentes",SNS Transparência,caracterizacao-das-valencias-de-urgencia,https://transparencia.sns.gov.pt/explore/dataset/caracterizacao-das-valencias-de-urgencia/
sns_urgency:47,hospital_emergency_official,Urgência da Unidade Hospitalar de Mirandela,H. São João - Porto | U. H. Mirandela,"Centro Hospitalar Universitário de São João, E.P.E. | Centro Hospitalar do Nordeste - ULS do Nordeste, E.P.E.",Serviço de Urgência Médico-cirúrgico | Serviço de Urgência Polivalente com Centro de Trauma,41.4845,-7.18935,Av. Nossa Senhora do Amparo,Mirandela,5370-210,ARS Norte,278260500.0,secretariado.sede@ulsne.min-saude.pt,Mirandela,9,Cirurgia Geral | Imagiologia - RX convencional | Medicina Interna | Patologia Clínica | Pediatria | Sala de Observações com Camas - Adultos | Sala de Observações com Camas - Pediátrico | Urgência Adultos | Urgência Crianças e Adolescentes,SNS Transparência,caracterizacao-das-valencias-de-urgencia,https://transparencia.sns.gov.pt/explore/dataset/caracterizacao-das-valencias-de-urgencia/
sns_urgency:11,hospital_emergency_official,SUB Moimenta da Beira,SUB Moimenta da Beira,Grupo | Serviços de Urgência Básica | ARSN,Serviço de Urgência Básica,40.9714,-7.60926,Av. da República,Moimenta da Beira,3620-371,ARS Norte,254520254.0,sub.moimentabeira@arsnorte.min-saude.pt,Moimenta da Beira,2,Urgência Adultos | Urgência Crianças e Adolescentes,SNS Transparência,caracterizacao-das-valencias-de-urgencia,https://transparencia.sns.gov.pt/explore/dataset/caracterizacao-das-valencias-de-urgencia/
sns_urgency:12,hospital_emergency_official,SUB Montalegre,SUB Montalegre | SUB São Pedro do Sul,Grupo | Serviços de Urgência Básica | ARSC | Grupo | Serviços de Urgência Básica | ARSN,Serviço de Urgência Básica,41.8309,-7.78268,"Rua Lama do Moinho, 400",Montalegre,5470-225,ARS Norte,276510169.0,sub.montalegre@arsnorte.min-saude.pt,União das freguesias de Montalegre e Padroso,3,Sala de Observações com Camas - Adultos | Urgência Adultos | Urgência Crianças e Adolescentes,SNS Transparência,caracterizacao-das-valencias-de-urgencia,https://transparencia.sns.gov.pt/explore/dataset/caracterizacao-das-valencias-de-urgencia/
sns_urgency:13,hospital_emergency_official,SUB Monção,SUB Monção,"Centro Hospitalar Alto Minho - ULS Alto Minho, E.P.E.",Serviço de Urgência Básica,42.0691,-8.48619,Lugar de Barreiras - Mazedo,Monção,4950-404,ARS Norte,251653926.0,csmoncao@csmoncao.min-saude.pt,União das freguesias de Monção e Troviscoso,2,Urgência Adultos | Urgência Crianças e Adolescentes,SNS Transparência,caracterizacao-das-valencias-de-urgencia,https://transparencia.sns.gov.pt/explore/dataset/caracterizacao-das-valencias-de-urgencia/
sns_urgency:32,hospital_emergency_official,SUB do Hospital São Miguel - Oliveira de Azeméis,H. São Miguel - Oliveira Azeméis,"Centro Hospitalar de Entre o Douro e Vouga, E.P.E.",Serviço de Urgência Básica,40.8416,-8.47159,Largo Rizzo Terra,Oliveira de Azeméis,3720-275,ARS Norte,256600800.0,hsm@chedv.min-saude.pt,"União das freguesias de Oliveira de Azeméis, Santiago de Riba-Ul, Ul, Macinhata da Seixa e Madail",2,Urgência Adultos | Urgência Crianças e Adolescentes,SNS Transparência,caracterizacao-das-valencias-de-urgencia,https://transparencia.sns.gov.pt/explore/dataset/caracterizacao-das-valencias-de-urgencia/
sns_urgency:68,hospital_emergency_official,Urgência do Hospital Padre Américo - Vale do Sousa,H. Amato Lusitano - Castelo Branco | H. Padre Américo - Vale Sousa | H. Pedro Hispano | H. Santa Luzia - Viana Castelo | H. Santa Maria | H. São Sebastião - Sta. Maria Feira,"Centro Hospitalar Alto Minho - ULS Alto Minho, E.P.E. | Centro Hospitalar Tâmega e Sousa, E.P.E. | Centro Hospitalar Universitário de Lisboa Norte, E.P.E. | Centro Hospitalar de Entre o Douro e Vouga, E.P.E. | Hospital Amato Lusitano - ULS de Castelo Branco, E.P.E. | Hospital Pedro Hispano - ULS Matosinhos, E.P.E.",Serviço de Urgência Médico-cirúrgico | Serviço de Urgência Polivalente com Centro de Trauma,41.1971153671548,-8.30955614751694,"Av. do Hospital Padre Américo, 210, Guilhufe",Penafiel,4560-136,ARS Norte,255714098.0,administracao@chts.min-saude.pt,Guilhufe e Urrô,16,"Anestesiologia | Bloco Operatório | Cirurgia Geral | Imagiologia - RX convencional, ecografia e TC | Imunohemoterapia | Medicina Interna | Obstetrícia | Ortopedia | Patologia Clínica | Pediatria | Sala de Observações com Camas - Pediátrico | Unidade de Cuidados Intensivos - Coronários | Unidade de Cuidados Intensivos - Neonatais | Unidade de Cuidados Intermédios - Adultos | Urgência Adultos | Urgência Crianças e Adolescentes",SNS Transparência,caracterizacao-das-valencias-de-urgencia,https://transparencia.sns.gov.pt/explore/dataset/caracterizacao-das-valencias-de-urgencia/
sns_urgency:90,hospital_emergency_official,Urgência do Hospital de Santo António,Centro Materno Infantil Norte | H. Padre Américo - Vale Sousa | H. S. Teotónio - Viseu | H. Santo António | U. H. Póvoa Varzim,"Centro Hospitalar Póvoa de Varzim/Vila do Conde, E.P.E. | Centro Hospitalar Tondela-Viseu, E.P.E. | Centro Hospitalar Tâmega e Sousa, E.P.E. | Centro Hospitalar Universitário de Santo António, E.P.E.",Serviço de Urgência Médico-cirúrgico | Serviço de Urgência Polivalente | Serviço de Urgência Polivalente com Centro de Trauma,41.147283,-8.619536,"Av. do Hospital Padre Américo, 210, Guilhufe",Penafiel,4560-136,ARS Norte,255714098.0,administracao@chts.min-saude.pt,Guilhufe e Urrô,25,Anestesiologia | Angiografia Digital e RMN | Bloco Operatório | Cardiologia | Cardiologia de Intervenção | Cirurgia Geral | Cirurgia Maxilofacial | Cirurgia Vascular | Gastroenterologia (com endoscopia) | Imagiologia - Ecografia | Imagiologia - RX convencional | Imagiologia - TC | Imunohemoterapia | Medicina Interna | Neurocirurgia | Ortopedia | Patologia Clínica | Pneumologia (com endoscopia) | Radiologia de Intervenção | Sala de Observações com Camas - Adultos | Toxicologia | Unidade de Cuidados Intensivos - Adultos | Unidade de Cuidados Intensivos - Coronários | Unidade de Cuidados Intermédios - Neonatais | Urgência Adultos,SNS Transparência,caracterizacao-das-valencias-de-urgencia,https://transparencia.sns.gov.pt/explore/dataset/caracterizacao-das-valencias-de-urgencia/
sns_urgency:5,hospital_emergency_official,SUB Arouca,H. Conde Bertiandos - Ponte Lima | SUB Arouca,"Centro Hospitalar Alto Minho - ULS Alto Minho, E.P.E. | Grupo | Serviços de Urgência Básica | ARSN",Serviço de Urgência Básica,40.930031,-8.254658,Largo Conde de Bertiandos,Ponte de Lima,4990-041,ARS Norte,258909500.0,administracaopl@ulsam.min-saude.pt,Arca e Ponte de Lima,3,Sala de Observações com Camas - Adultos | Urgência Adultos | Urgência Crianças e Adolescentes,SNS Transparência,caracterizacao-das-valencias-de-urgencia,https://transparencia.sns.gov.pt/explore/dataset/caracterizacao-das-valencias-de-urgencia/
sns_urgency:38,hospital_emergency_official,SUB do Hospital do Conde de Bertiandos - Ponte de Lima,H. Conde Bertiandos - Ponte Lima | U. H. Proximidade Lamego,"Centro Hospitalar Alto Minho - ULS Alto Minho, E.P.E. | Centro Hospitalar de Trás-os-Montes e Alto Douro, E.P.E.",Serviço de Urgência Básica,41.76777,-8.579124,Largo Conde de Bertiandos,Ponte de Lima,4990-041,ARS Norte,258909500.0,administracaopl@ulsam.min-saude.pt,Arca e Ponte de Lima,3,Sala de Observações com Camas - Adultos | Urgência Adultos | Urgência Crianças e Adolescentes,SNS Transparência,caracterizacao-das-valencias-de-urgencia,https://transparencia.sns.gov.pt/explore/dataset/caracterizacao-das-valencias-de-urgencia/
sns_urgency:23,hospital_emergency_official,SUB da Unidade Hospitalar de São João da Madeira,Centro Materno Infantil Norte | H. Sra. Oliveira - Guimarães,"Centro Hospitalar Universitário de Santo António, E.P.E. | Hospital da Senhora da Oliveira - Guimarães, E.P.E.",Serviço de Urgência Médico-cirúrgico | Serviço de Urgência Polivalente com Centro de Trauma,40.893731,-8.494767,Largo da Maternidade,Porto,4050-371,ARS Norte,226087400.0,seccg.dmn@chporto.min-saude.pt,União das freguesias de Lordelo do Ouro e Massarelos,2,Obstetrícia | Pediatria,SNS Transparência,caracterizacao-das-valencias-de-urgencia,https://transparencia.sns.gov.pt/explore/dataset/caracterizacao-das-valencias-de-urgencia/
sns_urgency:49,hospital_emergency_official,Urgência do Centro Materno Infantil do Norte,Centro Materno Infantil Norte | H. Beatriz Ângelo - Loures | H. Dr. Manoel Constâncio - Abrantes | H. Eduardo Santos Silva - Gaia - Unidade I | H. S. José - Fafe | H. Sra. Oliveira - Guimarães | Matern. Daniel Matos,"Centro Hospitalar Médio Tejo, E.P.E. | Centro Hospitalar Universitário de Santo António, E.P.E. | Centro Hospitalar de Vila Nova de Gaia/Espinho, E.P.E. | Centro Hospitalar e Universitário de Coimbra, E.P.E. | Hospital Beatriz Ângelo - Loures, E.P.E. | Hospital São José - Fafe | Hospital da Senhora da Oliveira - Guimarães, E.P.E.",Serviço de Urgência Básica | Serviço de Urgência Médico-cirúrgico | Serviço de Urgência Polivalente | Serviço de Urgência Polivalente com Centro de Trauma,41.152045,-8.624168,Largo da Maternidade,Porto,4050-371,ARS Norte,226087400.0,seccg.dmn@chporto.min-saude.pt,União das freguesias de Lordelo do Ouro e Massarelos,8,Bloco Operatório | Cardiologia | Obstetrícia | Unidade de Cuidados Intensivos - Neonatais | Unidade de Cuidados Intermédios - Adultos | Unidade de Cuidados Intermédios - Neonatais | Urgência Adultos | Urgência Crianças e Adolescentes,SNS Transparência,caracterizacao-das-valencias-de-urgencia,https://transparencia.sns.gov.pt/explore/dataset/caracterizacao-das-valencias-de-urgencia/
sns_urgency:61,hospital_emergency_official,Urgência do Hospital Egas Moniz,Centro Materno Infantil Norte,"Centro Hospitalar Universitário de Santo António, E.P.E.",Serviço de Urgência Polivalente com Centro de Trauma,38.6987,-9.18786,Largo da Maternidade,Porto,4050-371,ARS Norte,226087400.0,seccg.dmn@chporto.min-saude.pt,União das freguesias de Lordelo do Ouro e Massarelos,1,Unidade de Cuidados Intensivos - Pediátrica,SNS Transparência,caracterizacao-das-valencias-de-urgencia,https://transparencia.sns.gov.pt/explore/dataset/caracterizacao-das-valencias-de-urgencia/
sns_urgency:80,hospital_emergency_official,Urgência do Hospital São João - Porto,H. Bernardino Lopes Oliveira - Alcobaça | H. D. Torres Vedras | H. Faro | H. Horta | H. Padre Américo - Vale Sousa | H. Santa Maria | H. Santo António | H. Santo Espírito Ilha Terceira | H. São José - Lisboa | H. São João - Porto | U. H. Póvoa Varzim,"Centro Hospitalar Póvoa de Varzim/Vila do Conde, E.P.E. | Centro Hospitalar Tâmega e Sousa, E.P.E. | Centro Hospitalar Universitário de Lisboa Central, E.P.E. | Centro Hospitalar Universitário de Lisboa Norte, E.P.E. | Centro Hospitalar Universitário de Santo António, E.P.E. | Centro Hospitalar Universitário de São João, E.P.E. | Centro Hospitalar Universitário do Algarve, E.P.E. | Centro Hospitalar de Leiria, E.P.E. | Centro Hospitalar do Oeste, E.P.E. | Hospital da Horta, EPER | Hospital de Santo Espírito da Ilha Terceira, EPER",Serviço de Urgência Básica | Serviço de Urgência Médico-cirúrgico | Serviço de Urgência Polivalente | Serviço de Urgência Polivalente com Centro de Trauma,41.1833,-8.60193,Alameda Professor Hernâni Monteiro,Porto,4200-319,ARS Norte,225512100.0,ca@chsj.min-saude.pt,Paranhos,36,"Anestesiologia | Angiografia Digital e RMN | Bloco Operatório | Cardiologia | Cardiologia de Intervenção | Centro ECMO | Cirurgia Cardiotorácica | Cirurgia Geral | Cirurgia Maxilofacial | Cirurgia Pediátrica | Cirurgia Plástica e Reconstrutiva | Cirurgia Vascular | Gastroenterologia (com endoscopia) | Imagiologia - RX convencional, ecografia e TC | Imunohemoterapia | Medicina Interna | Neurocirurgia | Obstetrícia | Ortopedia | Patologia Clínica | Pediatria | Pedopsiquiatria | Pneumologia | Pneumologia (com endoscopia) | Psiquiatria | Radiologia de Intervenção | Sala de Observações com Camas - Pediátrico | Toxicologia | Unidade de Cuidados Intensivos - Adultos | Unidade de Cuidados Intensivos - Neonatais | Unidade de Cuidados Intensivos - Pediátrica | Unidade de Cuidados Intensivos - Queimados | Unidade de Cuidados Intermédios - Adultos | Urgência Adultos | Urgência Crianças e Adolescentes | Urologia",SNS Transparência,caracterizacao-das-valencias-de-urgencia,https://transparencia.sns.gov.pt/explore/dataset/caracterizacao-das-valencias-de-urgencia/
sns_urgency:44,hospital_emergency_official,Urgência da Unidade Hospitalar da Póvoa do Varzim,H. Eduardo Santos Silva - Gaia - Unidade I | H. Padre Américo - Vale Sousa | U. H. Póvoa Varzim,"Centro Hospitalar Póvoa de Varzim/Vila do Conde, E.P.E. | Centro Hospitalar Tâmega e Sousa, E.P.E. | Centro Hospitalar de Vila Nova de Gaia/Espinho, E.P.E.",Serviço de Urgência Médico-cirúrgico | Serviço de Urgência Polivalente com Centro de Trauma,41.383183,-8.758784,Largo da Misericórdia,Póvoa de Varzim,4490-421,ARS Norte,252690600.0,ca@chpvvc.min-saude.pt; cavc@chpvvc.min-saude.pt,"União das freguesias da Póvoa de Varzim, Beiriz e Argivai",14,"Anestesiologia | Bloco Operatório | Cirurgia Geral | Imagiologia - RX convencional, ecografia e TC | Imunohemoterapia | Medicina Interna | Obstetrícia | Ortopedia | Patologia Clínica | Pediatria | Sala de Observações com Camas - Adultos | Sala de Observações com Camas - Pediátrico | Urgência Adultos | Urgência Crianças e Adolescentes",SNS Transparência,caracterizacao-das-valencias-de-urgencia,https://transparencia.sns.gov.pt/explore/dataset/caracterizacao-das-valencias-de-urgencia/
sns_urgency:65,hospital_emergency_official,Urgência do Hospital Infante Dom Pedro - Aveiro,H. Amato Lusitano - Castelo Branco | H. D. Santarém | H. Infante D. Pedro - Aveiro | H. São Sebastião - Sta. Maria Feira | H. Universidade Coimbra,"Centro Hospitalar de Entre o Douro e Vouga, E.P.E. | Centro Hospitalar do Baixo Vouga, E.P.E. | Centro Hospitalar e Universitário de Coimbra, E.P.E. | Hospital Amato Lusitano - ULS de Castelo Branco, E.P.E. | Hospital Distrital de Santarém, E.P.E.",Serviço de Urgência Médico-cirúrgico | Serviço de Urgência Polivalente com Centro de Trauma,40.636332,-8.654388,Rua Dr. Cândido de Pinho,Santa Maria da Feira,4520-211,ARS Norte,256379700.0,geral@chedv.min-saude.pt,"União das freguesias de Santa Maria da Feira, Travanca, Sanfins e Espargo",16,"Anestesiologia | Bloco Operatório | Cirurgia Geral | Imagiologia - RX convencional, ecografia e TC | Imunohemoterapia | Medicina Interna | Obstetrícia | Ortopedia | Patologia Clínica | Pediatria | Sala de Observações com Camas - Adultos | Sala de Observações com Camas - Pediátrico | Unidade de Cuidados Intensivos - Adultos | Unidade de Cuidados Intermédios - Adultos | Urgência Adultos | Urgência Crianças e Adolescentes",SNS Transparência,caracterizacao-das-valencias-de-urgencia,https://transparencia.sns.gov.pt/explore/dataset/caracterizacao-das-valencias-de-urgencia/
sns_urgency:20,hospital_emergency_official,SUB da Unidade Hospitalar de Macedo de Cavaleiros,SUB Mogadouro | U. H. Santo Tirso,"Centro Hospitalar do Médio Ave, E.P.E. | Centro Hospitalar do Nordeste - ULS do Nordeste, E.P.E.",Serviço de Urgência Básica,41.534716,-6.960141,Largo Domingos Moreira,Santo Tirso,4780-371,ARS Norte,252830700.0,administracao@chma.min-saude.pt,"União das freguesias de Santo Tirso, Couto (Santa Cristina e São Miguel) e Burgães",3,Sala de Observações com Camas - Adultos | Urgência Adultos | Urgência Crianças e Adolescentes,SNS Transparência,caracterizacao-das-valencias-de-urgencia,https://transparencia.sns.gov.pt/explore/dataset/caracterizacao-das-valencias-de-urgencia/
sns_urgency:43,hospital_emergency_official,Urgência da Maternidade Dr. Alfredo da Costa,H. D. Estefânia | H. Eduardo Santos Silva - Gaia - Unidade I | H. Geral de Coimbra | H. Pedro Hispano | H. Santa Maria Maior,"Centro Hospitalar Universitário de Lisboa Central, E.P.E. | Centro Hospitalar de Vila Nova de Gaia/Espinho, E.P.E. | Centro Hospitalar e Universitário de Coimbra, E.P.E. | Hospital Pedro Hispano - ULS Matosinhos, E.P.E. | Hospital de Santa Maria Maior, E.P.E.",Serviço de Urgência Básica | Serviço de Urgência Médico-cirúrgico | Serviço de Urgência Polivalente com Centro de Trauma,38.732673,-9.147507,Rua Dr. Eduardo Torres,Senhora da Hora,4464-513,ARS Norte,229391000.0,ca@ulsm.min-saude.pt,União das freguesias de São Mamede de Infesta e Senhora da Hora,7,"Bloco Operatório | Cirurgia Pediátrica | Imagiologia - RX convencional, ecografia e TC | Medicina Interna | Patologia Clínica | Unidade de Cuidados Intensivos - Neonatais | Unidade de Cuidados Intermédios - Adultos",SNS Transparência,caracterizacao-das-valencias-de-urgencia,https://transparencia.sns.gov.pt/explore/dataset/caracterizacao-das-valencias-de-urgencia/
sns_urgency:70,hospital_emergency_official,Urgência do Hospital Pedro Hispano,H. Garcia Orta | H. Pedro Hispano | H. Santa Luzia - Viana Castelo | H. São Francisco Xavier | U. H. São Pedro - Vila Real,"Centro Hospitalar Alto Minho - ULS Alto Minho, E.P.E. | Centro Hospitalar de Lisboa Ocidental, E.P.E. | Centro Hospitalar de Trás-os-Montes e Alto Douro, E.P.E. | Hospital Garcia de Orta, E.P.E. | Hospital Pedro Hispano - ULS Matosinhos, E.P.E.",Serviço de Urgência Médico-cirúrgico | Serviço de Urgência Polivalente | Serviço de Urgência Polivalente com Centro de Trauma,41.181859,-8.663374,Rua Dr. Eduardo Torres,Senhora da Hora,4464-513,ARS Norte,229391000.0,ca@ulsm.min-saude.pt,União das freguesias de São Mamede de Infesta e Senhora da Hora,15,"Anestesiologia | Bloco Operatório | Cirurgia Geral | Imagiologia - RX convencional, ecografia e TC | Imunohemoterapia | Medicina Interna | Obstetrícia | Ortopedia | Patologia Clínica | Pediatria | Sala de Observações com Camas - Adultos | Unidade de Cuidados Intensivos - Neonatais | Unidade de Cuidados Intermédios - Adultos | Urgência Adultos | Urgência Crianças e Adolescentes",SNS Transparência,caracterizacao-das-valencias-de-urgencia,https://transparencia.sns.gov.pt/explore/dataset/caracterizacao-das-valencias-de-urgencia/
sns_urgency:22,hospital_emergency_official,SUB da Unidade Hospitalar de Santo Tirso,H. Vila Franca Xira | U. H. São João Madeira,"Centro Hospitalar de Entre o Douro e Vouga, E.P.E. | Hospital Vila Franca de Xira, E.P.E.",Serviço de Urgência Básica | Serviço de Urgência Médico-cirúrgico,41.3422317504883,-8.480222,Av. da Misericórdia,São João da Madeira,3700-190,ARS Norte,256837500.0,hsjm@chedv.min-saude.pt,São João da Madeira,3,Unidade de Cuidados Intensivos - Adultos | Urgência Adultos | Urgência Crianças e Adolescentes,SNS Transparência,caracterizacao-das-valencias-de-urgencia,https://transparencia.sns.gov.pt/explore/dataset/caracterizacao-das-valencias-de-urgencia/
sns_urgency:30,hospital_emergency_official,SUB do Hospital São Gonçalo - Amarante,H. S. Gonçalo - Amarante,"Centro Hospitalar Tâmega e Sousa, E.P.E.",Serviço de Urgência Básica,41.302425,-8.080058,"Rua da Lama, nº 76",Telões-Amarante,4600-758,ARS Norte,255410500.0,geral@chts.min-saude.pt,Telões,2,Urgência Adultos | Urgência Crianças e Adolescentes,SNS Transparência,caracterizacao-das-valencias-de-urgencia,https://transparencia.sns.gov.pt/explore/dataset/caracterizacao-das-valencias-de-urgencia/
sns_urgency:40,hospital_emergency_official,Urgência Médico-cirúrgica do Hospital de Santa Luzia - Viana do Castelo,H. Infante D. Pedro - Aveiro | H. Pêro da Covilhã | H. Santa Luzia - Viana Castelo | H. São Sebastião - Sta. Maria Feira | SUB Mogadouro | U. H. São Pedro - Vila Real,"Centro Hospitalar Alto Minho - ULS Alto Minho, E.P.E. | Centro Hospitalar Universitário Cova da Beira, E.P.E. | Centro Hospitalar de Entre o Douro e Vouga, E.P.E. | Centro Hospitalar de Trás-os-Montes e Alto Douro, E.P.E. | Centro Hospitalar do Baixo Vouga, E.P.E. | Centro Hospitalar do Nordeste - ULS do Nordeste, E.P.E.",Serviço de Urgência Básica | Serviço de Urgência Médico-cirúrgico | Serviço de Urgência Polivalente com Centro de Trauma,41.697519,-8.832517,Estrada de Santa Luzia,Viana do Castelo,4904-858,ARS Norte,258802100.0,administracao@ulsam.min-saude.pt,União das freguesias de Viana do Castelo (Santa Maria Maior e Monserrate) e Meadela,21,"Anestesiologia | Bloco Operatório | Cirurgia Geral | Estomatologia | Imagiologia - RX convencional, ecografia e TC | Imunohemoterapia | Medicina Interna | Neurologia | Obstetrícia | Oftalmologia | Ortopedia | Otorrinolaringologia | Patologia Clínica | Pediatria | Psiquiatria | Sala de Observações com Camas - Adultos | Unidade de Cuidados Intensivos - Adultos | Unidade de Cuidados Intermédios - Adultos | Urgência Adultos | Urgência Crianças e Adolescentes | Urologia",SNS Transparência,caracterizacao-das-valencias-de-urgencia,https://transparencia.sns.gov.pt/explore/dataset/caracterizacao-das-valencias-de-urgencia/
sns_urgency:81,hospital_emergency_official,Urgência do Hospital São João de Deus - Vila Nova de Famalicão,H. Padre Américo - Vale Sousa | H. S. João Deus - Famalicão | H. Santo Espírito Ilha Terceira | U. H. Bragança,"Centro Hospitalar Tâmega e Sousa, E.P.E. | Centro Hospitalar do Médio Ave, E.P.E. | Centro Hospitalar do Nordeste - ULS do Nordeste, E.P.E. | Hospital de Santo Espírito da Ilha Terceira, EPER",Serviço de Urgência Médico-cirúrgico,41.4123,-8.52095,Rua de Cupertino de Miranda,Vila Nova de Famalicão,4764-958,ARS Norte,252300800.0,administracao@chma.min-saude.pt,União das freguesias de Vila Nova de Famalicão e Calendário,15,"Anestesiologia | Bloco Operatório | Cirurgia Geral | Imagiologia - RX convencional, ecografia e TC | Imunohemoterapia | Medicina Interna | Obstetrícia | Ortopedia | Patologia Clínica | Pediatria | Sala de Observações com Camas - Adultos | Sala de Observações com Camas - Pediátrico | Unidade de Cuidados Intermédios - Adultos | Urgência Adultos | Urgência Crianças e Adolescentes",SNS Transparência,caracterizacao-das-valencias-de-urgencia,https://transparencia.sns.gov.pt/explore/dataset/caracterizacao-das-valencias-de-urgencia/
sns_urgency:42,hospital_emergency_official,Urgência da Maternidade Daniel de Matos,H. Braga | H. Eduardo Santos Silva - Gaia - Unidade I | H. Santa Maria Maior,"Centro Hospitalar de Vila Nova de Gaia/Espinho, E.P.E. | Hospital de Braga, E.P.E. | Hospital de Santa Maria Maior, E.P.E.",Serviço de Urgência Básica | Serviço de Urgência Polivalente | Serviço de Urgência Polivalente com Centro de Trauma,40.207788,-8.411566,Rua Conceição Fernandes - Vilar de Andorinho,Vila Nova de Gaia,4434-502,ARS Norte,227865100.0,cachvng@chvng.min-saude.pt,União das freguesias de Mafamude e Vilar do Paraíso,4,Patologia Clínica | Unidade de Cuidados Intensivos - Neonatais | Urgência Adultos | Urgência Crianças e Adolescentes,SNS Transparência,caracterizacao-das-valencias-de-urgencia,https://transparencia.sns.gov.pt/explore/dataset/caracterizacao-das-valencias-de-urgencia/
sns_urgency:60,hospital_emergency_official,Urgência do Hospital Eduardo Santos Silva - Gaia - Unidade I,H. Dr. Nélio Mendonça (Cruz Carvalho) | H. Eduardo Santos Silva - Gaia - Unidade I | H. Prof. Doutor Fernando Fonseca | H. Sousa Martins - Guarda | H. São João - Porto | H. São Sebastião - Sta. Maria Feira | U. H. Santo Tirso,"Centro Hospitalar Universitário de São João, E.P.E. | Centro Hospitalar de Entre o Douro e Vouga, E.P.E. | Centro Hospitalar de Vila Nova de Gaia/Espinho, E.P.E. | Centro Hospitalar do Médio Ave, E.P.E. | Hospitais da ULS da Guarda, E.P.E. | Hospital Central do Funchal | Hospital Prof. Doutor Fernando Fonseca, E.P.E.",Serviço de Urgência Básica | Serviço de Urgência Médico-cirúrgico | Serviço de Urgência Polivalente | Serviço de Urgência Polivalente com Centro de Trauma,41.1254463195801,-8.6028356552124,Rua Conceição Fernandes - Vilar de Andorinho,Vila Nova de Gaia,4434-502,ARS Norte,227865100.0,cachvng@chvng.min-saude.pt,União das freguesias de Mafamude e Vilar do Paraíso,26,Anestesiologia | Angiografia Digital e RMN | Bloco Operatório | Cardiologia | Cardiologia de Intervenção | Cirurgia Geral | Gastroenterologia (com endoscopia) | Imagiologia - Ecografia | Imagiologia - TC | Imunohemoterapia | Medicina Interna | Neurocirurgia | Obstetrícia | Ortopedia | Pediatria | Pneumologia (com endoscopia) | Sala de Observações com Camas - Adultos | Sala de Observações com Camas - Pediátrico | Toxicologia | Unidade de Cuidados Intensivos - Adultos | Unidade de Cuidados Intensivos - Coronários | Unidade de Cuidados Intensivos - Neonatais | Unidade de Cuidados Intermédios - Adultos | Unidade de Cuidados Intermédios - Pediátrica | Urgência Adultos | Urgência Crianças e Adolescentes,SNS Transparência,caracterizacao-das-valencias-de-urgencia,https://transparencia.sns.gov.pt/explore/dataset/caracterizacao-das-valencias-de-urgencia/
sns_urgency:48,hospital_emergency_official,Urgência da Unidade Hospitalar de São Pedro - Vila Real,H. Faro | H. Santo André - Leiria | H. São Sebastião - Sta. Maria Feira | U. H. Chaves | U. H. São Pedro - Vila Real,"Centro Hospitalar Universitário do Algarve, E.P.E. | Centro Hospitalar de Entre o Douro e Vouga, E.P.E. | Centro Hospitalar de Leiria, E.P.E. | Centro Hospitalar de Trás-os-Montes e Alto Douro, E.P.E.",Serviço de Urgência Médico-cirúrgico | Serviço de Urgência Polivalente | Serviço de Urgência Polivalente com Centro de Trauma,41.310331,-7.760103,"Av. da Noruega, Lordelo",Vila Real,5000-508,ARS Norte,259300500.0,admin@chtmad.min-saude.pt,Lordelo,24,"Anestesiologia | Angiografia Digital e RMN | Bloco Operatório | Cardiologia | Cardiologia de Intervenção | Cirurgia Geral | Gastroenterologia (com endoscopia) | Imagiologia - RX convencional, ecografia e TC | Imunohemoterapia | Medicina Interna | Obstetrícia | Ortopedia | Patologia Clínica | Pediatria | Pneumologia (com endoscopia) | Radiologia de Intervenção | Sala de Observações com Camas - Adultos | Sala de Observações com Camas - Pediátrico | Toxicologia | Unidade de Cuidados Intensivos - Adultos | Unidade de Cuidados Intensivos - Coronários | Unidade de Cuidados Intermédios - Neonatais | Urgência Adultos | Urgência Crianças e Adolescentes",SNS Transparência,caracterizacao-das-valencias-de-urgencia,https://transparencia.sns.gov.pt/explore/dataset/caracterizacao-das-valencias-de-urgencia/
sns_urgency:59,hospital_emergency_official,Urgência do Hospital Dr. Nélio de Mendonça (Cruz de Carvalho),H. Divino Espírito Santo P. Delgada | H. Dr. Nélio Mendonça (Cruz Carvalho) | H. Horta | H. São Francisco Xavier | H. São João - Porto,"Centro Hospitalar Universitário de São João, E.P.E. | Centro Hospitalar de Lisboa Ocidental, E.P.E. | Hospital Central do Funchal | Hospital da Horta, EPER | Hospital do Divino Espírito Santo de Ponta Delgada, EPER",Serviço de Urgência Médico-cirúrgico | Serviço de Urgência Polivalente | Serviço de Urgência Polivalente com Centro de Trauma,32.648531,-16.924032,"Av. Luís de Camões, 57",Funchal,9004-514,IASAÚDE Madeira,291705600.0,geral@srs.pt,Funchal (São Pedro),23,Anestesiologia | Angiografia Digital e RMN | Bloco Operatório | Cardiologia | Cardiologia de Intervenção | Cirurgia Geral | Gastroenterologia (com endoscopia) | Imunohemoterapia | Medicina Interna | Neurocirurgia | Obstetrícia | Oftalmologia | Ortopedia | Otorrinolaringologia | Pediatria | Pneumologia (com endoscopia) | Sala de Observações com Camas - Adultos | Sala de Observações com Camas - Pediátrico | Toxicologia | Unidade de Cuidados Intensivos - Adultos | Unidade de Cuidados Intensivos - Pediátrica | Unidade de Cuidados Intermédios - Adultos | Unidade de Cuidados Intermédios - Pediátrica,SNS Transparência,caracterizacao-das-valencias-de-urgencia,https://transparencia.sns.gov.pt/explore/dataset/caracterizacao-das-valencias-de-urgencia/
sns_urgency:92,hospital_emergency_official,Urgência do Hospital do Divino Espírito Santo de Ponta Delgada,H. D. Figueira Foz | H. Divino Espírito Santo P. Delgada | H. Dr. Manoel Constâncio - Abrantes | H. Dr. Nélio Mendonça (Cruz Carvalho) | H. S. João Deus - Famalicão,"Centro Hospitalar Médio Tejo, E.P.E. | Centro Hospitalar do Médio Ave, E.P.E. | Hospital Central do Funchal | Hospital Distrital da Figueira da Foz, E.P.E. | Hospital do Divino Espírito Santo de Ponta Delgada, EPER",Serviço de Urgência Médico-cirúrgico | Serviço de Urgência Polivalente,37.751736,-25.676249,"Av. Luís de Camões, 57",Funchal,9004-514,IASAÚDE Madeira,291705600.0,geral@srs.pt,Funchal (São Pedro),23,Anestesiologia | Angiografia Digital e RMN | Bloco Operatório | Cardiologia | Cardiologia de Intervenção | Cirurgia Geral | Gastroenterologia (com endoscopia) | Imunohemoterapia | Medicina Interna | Neurocirurgia | Obstetrícia | Ortopedia | Patologia Clínica | Pediatria | Pneumologia (com endoscopia) | Sala de Observações com Camas - Adultos | Sala de Observações com Camas - Pediátrico | Toxicologia | Unidade de Cuidados Intensivos - Adultos | Unidade de Cuidados Intensivos - Pediátrica | Unidade de Cuidados Intermédios - Adultos | Urgência Adultos | Urgência Crianças e Adolescentes,SNS Transparência,caracterizacao-das-valencias-de-urgencia,https://transparencia.sns.gov.pt/explore/dataset/caracterizacao-das-valencias-de-urgencia/
sns_urgency:85,hospital_emergency_official,Urgência do Hospital da Horta,H. Braga | H. Divino Espírito Santo P. Delgada | H. Horta | H. Santo António | H. Santo Espírito Ilha Terceira,"Centro Hospitalar Universitário de Santo António, E.P.E. | Hospital da Horta, EPER | Hospital de Braga, E.P.E. | Hospital de Santo Espírito da Ilha Terceira, EPER | Hospital do Divino Espírito Santo de Ponta Delgada, EPER",Serviço de Urgência Médico-cirúrgico | Serviço de Urgência Polivalente | Serviço de Urgência Polivalente com Centro de Trauma,38.5296,-28.6307,Estrada Príncipe Alberto Mónaco,Horta,9900-038,SRS Açores,292201000.0,SRES-HH@azores.gov.pt,Horta (Angústias),14,"Anestesiologia | Bloco Operatório | Cirurgia Geral | Imagiologia - Ecografia | Imagiologia - RX convencional, ecografia e TC | Imunohemoterapia | Medicina Interna | Ortopedia | Patologia Clínica | Pediatria | Sala de Observações com Camas - Adultos | Sala de Observações com Camas - Pediátrico | Urgência Adultos | Urgência Crianças e Adolescentes",SNS Transparência,caracterizacao-das-valencias-de-urgencia,https://transparencia.sns.gov.pt/explore/dataset/caracterizacao-das-valencias-de-urgencia/
sns_urgency:91,hospital_emergency_official,Urgência do Hospital de Santo Espírito da Ilha Terceira,H. Braga | H. Divino Espírito Santo P. Delgada | H. Dr. Nélio Mendonça (Cruz Carvalho) | H. Santo António | H. Santo Espírito Ilha Terceira,"Centro Hospitalar Universitário de Santo António, E.P.E. | Hospital Central do Funchal | Hospital de Braga, E.P.E. | Hospital de Santo Espírito da Ilha Terceira, EPER | Hospital do Divino Espírito Santo de Ponta Delgada, EPER",Serviço de Urgência Médico-cirúrgico | Serviço de Urgência Polivalente | Serviço de Urgência Polivalente com Centro de Trauma,38.6588,-27.2136,Av. D. Manuel I - Matriz,Ponta Delgada,9500-370,SRS Açores,296203000.0,sras-hdes@azores.gov.pt,Arrifes,14,"Anestesiologia | Bloco Operatório | Cirurgia Geral | Imagiologia - RX convencional, ecografia e TC | Imagiologia - TC | Imunohemoterapia | Medicina Interna | Ortopedia | Patologia Clínica | Pediatria | Sala de Observações com Camas - Adultos | Sala de Observações com Camas - Pediátrico | Urgência Adultos | Urgência Crianças e Adolescentes",SNS Transparência,caracterizacao-das-valencias-de-urgencia,https://transparencia.sns.gov.pt/explore/dataset/caracterizacao-das-valencias-de-urgencia/
