facility_id,layer,service_type,name,address,municipality,phone,email,hours,source,source_domain,source_url,source_method,needs_manual_review,needs_geocoding,catchment
official_page:chlo:algés,permanent_care,SAC,Serviço de Atendimento Complementar (SAC) Algés,"Praça de S. Francisco Xavier, Lisboa",Algés,,,Sábados e feriado 10 de junho: 9h às 13h,Official ULS page,www.chlo.min-saude.pt,https://www.chlo.min-saude.pt/index.php/comunicacao/destaques/465-atendimento-nos-centros-de-saude-aos-sabados-e-feriados,Programmed parser for official Lisboa Ocidental SAC webpage,False,True,
official_page:chlo:paço_de_arcos,permanent_care,SAC,Serviço de Atendimento Complementar (SAC) Paço de Arcos,"Avenida António Bernardo Cabral Macedo, Paço de Arcos",Paço de Arcos,,,Sábados e feriado 10 de junho: 9h às 13h,Official ULS page,www.chlo.min-saude.pt,https://www.chlo.min-saude.pt/index.php/comunicacao/destaques/465-atendimento-nos-centros-de-saude-aos-sabados-e-feriados,Programmed parser for official Lisboa Ocidental SAC webpage,False,True,
official_page:chlo:são_joão_do_estoril,permanent_care,SAC,Serviço de Atendimento Complementar (SAC) São João do Estoril,"Rua Egas Moniz, São João do Estoril",São João do Estoril,,,Sábados: 9h às 16h; feriado 10 de junho: 9h às 13h,Official ULS page,www.chlo.min-saude.pt,https://www.chlo.min-saude.pt/index.php/comunicacao/destaques/465-atendimento-nos-centros-de-saude-aos-sabados-e-feriados,Programmed parser for official Lisboa Ocidental SAC webpage,False,True,
official_pdf:ulsam:arcos_de_valdevez,permanent_care,SAC,Serviço de Atendimento Complementar (SAC) de Arcos de Valdevez,Rua Eng. Adelino Amaro da Costa 4970-458 Arcos de Valdevez,Arcos de Valdevez,258 520 120,,08:00H às 20:00H - Fins de Semana e Feriados,Official ULS PDF,www.ulsam.min-saude.pt,https://www.ulsam.min-saude.pt/wp-content/uploads/sites/10/2017/09/2024-08-12_Servi%C3%A7os-de-Atendimento-Complementar.pdf,Programmed parser for official ULS Alto Minho SAC PDF,False,True,Todas as freguesias do Concelho de Arcos de Valdevez
official_pdf:ulsam:caminha,permanent_care,SAC,Serviço de Atendimento Complementar (SAC) de Caminha,Rua Eng. Luís Agostinho Pereira Castro 4910-102 Caminha,Caminha,258 719 302,,08:00H às 20:00H - Fins de Semana e Feriados,Official ULS PDF,www.ulsam.min-saude.pt,https://www.ulsam.min-saude.pt/wp-content/uploads/sites/10/2017/09/2024-08-12_Servi%C3%A7os-de-Atendimento-Complementar.pdf,Programmed parser for official ULS Alto Minho SAC PDF,False,True,Todas as freguesias do Concelho de Caminha
official_pdf:ulsam:melgaço,permanent_care,SAC,Serviço de Atendimento Complementar (SAC) de Melgaço,"Rua Fonte da Vila, s/n - Vila 4960-546 Melgaço",Melgaço,251 400 332,,08:00H às 20:00H - Fins de Semana e Feriados,Official ULS PDF,www.ulsam.min-saude.pt,https://www.ulsam.min-saude.pt/wp-content/uploads/sites/10/2017/09/2024-08-12_Servi%C3%A7os-de-Atendimento-Complementar.pdf,Programmed parser for official ULS Alto Minho SAC PDF,False,True,Todas as freguesias do Concelho de Melgaço
official_pdf:ulsam:paredes_de_coura,permanent_care,SAC,Serviço de Atendimento Complementar (SAC) de Paredes de Coura,Avenida Cónego Bernardo Chousal 4940-520 Paredes de Coura,Paredes de Coura,251 780 320,,08:00H às 20:00H - Fins de Semana e Feriados,Official ULS PDF,www.ulsam.min-saude.pt,https://www.ulsam.min-saude.pt/wp-content/uploads/sites/10/2017/09/2024-08-12_Servi%C3%A7os-de-Atendimento-Complementar.pdf,Programmed parser for official ULS Alto Minho SAC PDF,False,True,Todas as freguesias do Concelho de Paredes de Coura
official_pdf:ulsam:ponte_da_barca,permanent_care,SAC,Serviço de Atendimento Complementar (SAC) de Ponte da Barca,"Rua Dr. Francisco Sá Carneiro, 2 4980-633 Ponte da Barca",Ponte da Barca,258 452 134,,08:00H às 20:00H - Fins de Semana e Feriados,Official ULS PDF,www.ulsam.min-saude.pt,https://www.ulsam.min-saude.pt/wp-content/uploads/sites/10/2017/09/2024-08-12_Servi%C3%A7os-de-Atendimento-Complementar.pdf,Programmed parser for official ULS Alto Minho SAC PDF,False,True,Todas as freguesias do Concelho de Ponte da Barca
official_pdf:ulsam:valença,permanent_care,SAC,Serviço de Atendimento Complementar (SAC) de Valença,Rua Nossa Senhora de Fátima 4930-768 Valença,Valença,251 800 040,,08:00H às 20:00H - Fins de Semana e Feriados,Official ULS PDF,www.ulsam.min-saude.pt,https://www.ulsam.min-saude.pt/wp-content/uploads/sites/10/2017/09/2024-08-12_Servi%C3%A7os-de-Atendimento-Complementar.pdf,Programmed parser for official ULS Alto Minho SAC PDF,False,True,Todas as freguesias do Concelho de Valença
official_pdf:ulsam:viana_do_castelo,permanent_care,SAC,Serviço de Atendimento Complementar (SAC) de Viana do Castelo,Rua Dr. Tiago de Almeida 4900-497 Viana do Castelo,Viana do Castelo,258 823 324,,08:00H às 20:00H - Fins de Semana e Feriados,Official ULS PDF,www.ulsam.min-saude.pt,https://www.ulsam.min-saude.pt/wp-content/uploads/sites/10/2017/09/2024-08-12_Servi%C3%A7os-de-Atendimento-Complementar.pdf,Programmed parser for official ULS Alto Minho SAC PDF,False,True,Todas as freguesias do Concelho de Viana do Castelo
official_pdf:ulsam:vila_nova_de_cerveira,permanent_care,SAC,Serviço de Atendimento Complementar (SAC) de Vila Nova de Cerveira,Largo das Oliveiras 4920-275 Vila Nova de Cerveira,Vila Nova de Cerveira,251 795 287,,08:00H às 20:00H - Fins de Semana e Feriados,Official ULS PDF,www.ulsam.min-saude.pt,https://www.ulsam.min-saude.pt/wp-content/uploads/sites/10/2017/09/2024-08-12_Servi%C3%A7os-de-Atendimento-Complementar.pdf,Programmed parser for official ULS Alto Minho SAC PDF,False,True,Todas as freguesias do Concelho de Vila Nova de Cerveira
official_manual:www.ulsguarda.min-saude.pt:15014,permanent_care,SAC,Serviço de Atendimento Complementar (SAC) de Almeida,Bairro da Trigueira 6350-209 Almeida,Almeida,271 574 108,csalmeida@ulsguarda.min-saude.pt,"2ª, 4ª, 6ª, sábado, domingo e feriados das 8 às 20h",Official ULS page,www.ulsguarda.min-saude.pt,https://www.ulsguarda.min-saude.pt/servicos/cuidados-de-saude-primarios/centro-de-saude-de-almeida/servico-de-atendimento-complementar-sac-de-almeida/,ULS Guarda WordPress API search and post-content parsing,False,True,
official_manual:www.ulsguarda.min-saude.pt:15090,permanent_care,SAC,Serviço de Atendimento Complementar (SAC) de Celorico da Beira,Avenida da Corredoura 6360-320 Celorico da Beira,Celorico da Beira,271 747 010,cscelbeira@ulsguarda.min-saude.pt,"3ª, 6ª, fins de semana e feriados das 8h às 20h",Official ULS page,www.ulsguarda.min-saude.pt,https://www.ulsguarda.min-saude.pt/servicos/cuidados-de-saude-primarios/centro-de-saude-de-celorico-da-beira/servico-de-atendimento-complementar-sac-de-celorico-da-beira/,ULS Guarda WordPress API search and post-content parsing,False,True,
official_manual:www.ulsguarda.min-saude.pt:15118,permanent_care,SAC,Serviço de Atendimento Complementar (SAC) de Fornos de Algodres,Av. 25 de Abril 6370-127 Fornos de Algodres,Fornos de Algodres,271 700 120,csfalgodres@ulsguarda.min-saude.pt,Fins de semana e feriados das 8h às 20h,Official ULS page,www.ulsguarda.min-saude.pt,https://www.ulsguarda.min-saude.pt/servicos/cuidados-de-saude-primarios/centro-de-saude-de-fornos-de-algodres/servico-de-atendimento-complementar-sac-de-fornos-de-algodres/,ULS Guarda WordPress API search and post-content parsing,False,True,
official_manual:www.ulsguarda.min-saude.pt:15132,permanent_care,SAC,Serviço de Atendimento Complementar (SAC) de Gouveia,Rua Dr. Mário Gomes Figueira 6290-370 Gouveia,Gouveia,238 490 400,csgouveia@ulsguarda.min-saude.pt,Dias úteis das 20h às 8h; Fins de semana e feriados 24h,Official ULS page,www.ulsguarda.min-saude.pt,https://www.ulsguarda.min-saude.pt/servicos/cuidados-de-saude-primarios/centro-de-saude-de-gouveia/servico-de-atendimento-permanente-sap-de-gouveia/,ULS Guarda WordPress API search and post-content parsing,False,True,
official_manual:www.ulsguarda.min-saude.pt:15199,permanent_care,SAC,Serviço de Atendimento Complementar (SAC) de Manteigas,Rua Infante D. Henrique 6260-136 Manteigas,Manteigas,275 980 100,csmanteigas@ulsguarda.min-saude.pt,"2ª feira, 6ª feira, fins de semana e feriados 24h; 3ª, 4ª e 5ª feira das 20h às 8h",Official ULS page,www.ulsguarda.min-saude.pt,https://www.ulsguarda.min-saude.pt/servicos/cuidados-de-saude-primarios/centro-de-saude-de-manteigas/servico-de-atendimento-permanente-sap-de-manteigas/,ULS Guarda WordPress API search and post-content parsing,False,True,
official_manual:www.ulsguarda.min-saude.pt:15217,permanent_care,SAC,Serviço de Atendimento Complementar (SAC) da Mêda,Av. Gago Coutinho e Sacadura Cabral 6430-183 Mêda,Mêda,279 882 133,csmeda@ulsguarda.min-saude.pt,Todos os dias das 8h às 24h,Official ULS page,www.ulsguarda.min-saude.pt,https://www.ulsguarda.min-saude.pt/servicos/cuidados-de-saude-primarios/centro-de-saude-de-meda/servico-de-atendimento-complementar-sac-da-meda/,ULS Guarda WordPress API search and post-content parsing,False,True,
official_manual:www.ulsguarda.min-saude.pt:15234,permanent_care,SAC,Serviço de Atendimento Complementar (SAC) de Pinhel,"Avenida D. José I, nº4 6400-490 Pinhel",Pinhel,271 410 061,cspinhel@ulsguarda.min-saude.pt,Dias uteis das 20h às 8h; Fins de semana e feriados 24h,Official ULS page,www.ulsguarda.min-saude.pt,https://www.ulsguarda.min-saude.pt/servicos/cuidados-de-saude-primarios/centro-de-saude-de-pinhel/servico-de-atendimento-permanente-sap-de-pinhel/,ULS Guarda WordPress API search and post-content parsing,False,True,
official_manual:www.ulsguarda.min-saude.pt:15253,permanent_care,SAC,Serviço de Atendimento Complementar (SAC) do Sabugal,"Rua Alexandre Herculano, s/n 6320-354 Sabugal",Sabugal,271 753 002,cssabugal@ulsguarda.min-saude.pt,Dias úteis das 20h às 8h; Fim de semana e feriados 24h,Official ULS page,www.ulsguarda.min-saude.pt,https://www.ulsguarda.min-saude.pt/servicos/cuidados-de-saude-primarios/centro-de-saude-de-sabugal/servico-de-atendimento-permanente-sap-do-sabugal/,ULS Guarda WordPress API search and post-content parsing,False,True,
official_manual:www.ulsguarda.min-saude.pt:15301,permanent_care,SAC,Serviço de Atendimento Complementar (SAC) de Trancoso,Avenida Calouste Gulbenkian 6420-033 Trancoso,Trancoso,271 829 070,cstrancoso@ulsguarda.min-saude.pt,"2ª a 5ª feira 20h às 8h; 6ª f, sábados, domingos e feriados 24h",Official ULS page,www.ulsguarda.min-saude.pt,https://www.ulsguarda.min-saude.pt/servicos/cuidados-de-saude-primarios/centro-de-saude-de-trancoso/servico-de-atendimento-permanente-sap-de-trancoso/,ULS Guarda WordPress API search and post-content parsing,False,True,
official_manual:www.ulsguarda.min-saude.pt:15103,permanent_care,SAP,Serviço de Atendimento Permanente (SAP) de Figueira de Castelo Rodrigo,"Av. Dr. Francisco Sá Carneiro, 72 6440-102 Figueira de Castelo Rodrigo",Figueira de Castelo Rodrigo,271 312 277,csfcrodrigo@ulsguarda.min-saude.pt,Todos os dias 24h,Official ULS page,www.ulsguarda.min-saude.pt,https://www.ulsguarda.min-saude.pt/servicos/cuidados-de-saude-primarios/centro-de-saude-de-figueira-de-castelo-rodrigo/servico-de-atendimento-permanente-sap-de-figueira-de-castelo-rodrigo/,ULS Guarda WordPress API search and post-content parsing,False,True,
